Alpha,P,Q,TimeToComplete,Pure
0,0.01,0.001,21.8,0
0,0.01,0.002,19.85,0
0,0.01,0.003,18.9,0
0,0.01,0.004,19.5,0
0,0.01,0.005,19.8,0
0,0.01,0.006,19.8,0
0,0.01,0.007,19.1,0
0,0.01,0.008,19.4,0
0,0.01,0.009,19.75,0
0,0.01,0.01,21.05,0
0,0.02,0.002,11.5,0
0,0.02,0.004,10.75,0
0,0.02,0.006,10,0
0,0.02,0.008,10.4,0
0,0.02,0.01,10.5,0
0,0.02,0.012,10.15,0
0,0.02,0.014,10.2,0
0,0.02,0.016,10.25,0
0,0.02,0.018,10.45,0
0,0.02,0.02,10.7,0
0,0.03,0.003,8.1,0
0,0.03,0.006,7.4,0
0,0.03,0.009,7.2,0
0,0.03,0.012,6.85,0
0,0.03,0.015,6.6,0
0,0.03,0.018,7.3,0
0,0.03,0.021,6.85,0
0,0.03,0.024,7.05,0
0,0.03,0.027,7.3,0
0,0.03,0.03,7.55,0
0,0.04,0.004,6.95,0
0,0.04,0.008,5.85,0
0,0.04,0.012,5.8,0
0,0.04,0.016,5.5,0
0,0.04,0.02,5.55,0
0,0.04,0.024,5.25,0
0,0.04,0.028,5.35,0
0,0.04,0.032,5.4,0
0,0.04,0.036,5.45,0
0,0.04,0.04,5.4,0
0,0.05,0.005,5.85,0
0,0.05,0.01,4.9,0
0,0.05,0.015,4.7,0
0,0.05,0.02,4.55,0
0,0.05,0.025,4.3,0
0,0.05,0.03,4.65,0
0,0.05,0.035,4.2,0
0,0.05,0.04,4.6,0
0,0.05,0.045,4.5,0
0,0.05,0.05,4.3,0
0,0.06,0.006,4.7,0
0,0.06,0.012,4.35,0
0,0.06,0.018,4.1,0
0,0.06,0.024,4.1,0
0,0.06,0.03,3.85,0
0,0.06,0.036,3.7,0
0,0.06,0.042,3.9,0
0,0.06,0.048,3.8,0
0,0.06,0.054,3.8,0
0,0.06,0.06,3.9,0
0,0.07,0.007,4.25,0
0,0.07,0.014,3.9,0
0,0.07,0.021,3.6,0
0,0.07,0.028,3.55,0
0,0.07,0.035,3.35,0
0,0.07,0.042,3.3,0
0,0.07,0.049,3.35,0
0,0.07,0.056,3.1,0
0,0.07,0.063,3.35,0
0,0.07,0.07,3.55,0
0,0.08,0.008,4.05,0
0,0.08,0.016,3.45,0
0,0.08,0.024,3.25,0
0,0.08,0.032,3.1,0
0,0.08,0.04,3.1,0
0,0.08,0.048,3.2,0
0,0.08,0.056,3,0
0,0.08,0.064,3.05,0
0,0.08,0.072,2.95,0
0,0.08,0.08,3,0
0,0.09,0.009,3.75,0
0,0.09,0.018,3.5,0
0,0.09,0.027,3.1,0
0,0.09,0.036,2.9,0
0,0.09,0.045,2.95,0
0,0.09,0.054,2.9,0
0,0.09,0.063,3,0
0,0.09,0.072,2.55,0
0,0.09,0.081,2.8,0
0,0.09,0.09,2.55,0
0,0.1,0.01,3.55,0
0,0.1,0.02,2.95,0
0,0.1,0.03,2.85,0
0,0.1,0.04,2.75,0
0,0.1,0.05,2.65,0
0,0.1,0.06,2.65,0
0,0.1,0.07,2.5,0
0,0.1,0.08,2.75,0
0,0.1,0.09,2.55,0
0,0.1,0.1,2.3,0
0.005,0.01,0,29.6,100
0.005,0.01,0.001,21,13.3533369874242
0.005,0.01,0.002,18.6,9.01629850577967
0.005,0.01,0.003,18.55,8.44456758010307
0.005,0.01,0.004,18.9,7.8276609062387
0.005,0.01,0.005,18.15,5.45915613273135
0.005,0.01,0.006,18.65,5.10130660101668
0.005,0.01,0.007,18.95,5.04319449477614
0.005,0.01,0.008,19.55,5.49274194428339
0.005,0.01,0.009,19.3,4.6975608297519
0.005,0.01,0.01,20.3,4.33533835819578
0.005,0.02,0,16.6,100
0.005,0.02,0.002,11.55,8.60130588080577
0.005,0.02,0.004,10.4,5.52577995519523
0.005,0.02,0.006,10.45,3.61875278929042
0.005,0.02,0.008,10.15,2.39173766822479
0.005,0.02,0.01,9.8,2.90100220884212
0.005,0.02,0.012,9.65,2.29714154823914
0.005,0.02,0.014,10.2,1.59813191120646
0.005,0.02,0.016,9.9,2.1447499514835
0.005,0.02,0.018,10.4,1.53878602792399
0.005,0.02,0.02,10.3,2.20701833043383
0.005,0.03,0,13.25,100
0.005,0.03,0.003,8.2,4.22221608424176
0.005,0.03,0.006,6.95,2.18201936566753
0.005,0.03,0.009,6.9,1.55739605981817
0.005,0.03,0.012,6.85,1.19948999765129
0.005,0.03,0.015,7.15,1.34154324932655
0.005,0.03,0.018,6.95,1.33609450481953
0.005,0.03,0.021,7.1,1.80911744188233
0.005,0.03,0.024,6.8,1.46060849626382
0.005,0.03,0.027,7,1.16411514032986
0.005,0.03,0.03,7,1.06158493836987
0.005,0.04,0,11.15,100
0.005,0.04,0.004,6.45,3.63808957982031
0.005,0.04,0.008,6.1,2.31304024927317
0.005,0.04,0.012,5.75,1.82844654357578
0.005,0.04,0.016,5.3,1.30268111325002
0.005,0.04,0.02,5.45,0.664237214198989
0.005,0.04,0.024,5,1.02667872910041
0.005,0.04,0.028,5.5,0.798168556110599
0.005,0.04,0.032,5.4,0.68147575782544
0.005,0.04,0.036,5.5,0.812356056030033
0.005,0.04,0.04,5.25,0.602794075044495
0.005,0.05,0,9.9,100
0.005,0.05,0.005,5.75,3.42257321227016
0.005,0.05,0.01,4.9,1.13117564860958
0.005,0.05,0.015,4.7,1.10487969381991
0.005,0.05,0.02,4.4,0.952662431812244
0.005,0.05,0.025,4.4,0.752572882670927
0.005,0.05,0.03,4.45,1.10265971578188
0.005,0.05,0.035,4.75,0.96815232568371
0.005,0.05,0.04,4.35,0.656616675490237
0.005,0.05,0.045,4.3,0.789734352781895
0.005,0.05,0.05,4.7,0.638658059284296
0.005,0.06,0,8.2,100
0.005,0.06,0.006,4.75,2.17072765630104
0.005,0.06,0.012,4.25,0.849202686841305
0.005,0.06,0.018,3.95,0.711318181314902
0.005,0.06,0.024,3.9,0.743243244360797
0.005,0.06,0.03,3.7,0.641356465082535
0.005,0.06,0.036,3.85,0.545924227073333
0.005,0.06,0.042,3.85,0.703403717842043
0.005,0.06,0.048,3.6,0.456828025959379
0.005,0.06,0.054,3.85,0.331393582544898
0.005,0.06,0.06,3.95,0.475518337070019
0.005,0.07,0,8.15,100
0.005,0.07,0.007,4.25,2.29808595403689
0.005,0.07,0.014,3.6,0.751065427454687
0.005,0.07,0.021,3.7,0.858464510894611
0.005,0.07,0.028,3.75,0.539917822216076
0.005,0.07,0.035,3.35,0.545582620188291
0.005,0.07,0.042,3.35,0.700208187319972
0.005,0.07,0.049,3.3,0.52671659931926
0.005,0.07,0.056,3.25,0.247120109431356
0.005,0.07,0.063,3.15,0.217111446641582
0.005,0.07,0.07,3.3,0.257457520062341
0.005,0.08,0,8.05,100
0.005,0.08,0.008,3.9,0.849552701527969
0.005,0.08,0.016,3.4,0.728054072627298
0.005,0.08,0.024,3.35,0.51485679078101
0.005,0.08,0.032,3.25,0.408398824900551
0.005,0.08,0.04,3,0.502330254334564
0.005,0.08,0.048,3,0.328066639159646
0.005,0.08,0.056,3,0.256515107293358
0.005,0.08,0.064,3,0.236256799194464
0.005,0.08,0.072,2.95,0.33963943558504
0.005,0.08,0.08,3,0.206650740068737
0.005,0.09,0,8.05,100
0.005,0.09,0.009,3.7,1.2259456155831
0.005,0.09,0.018,3,0.685360058607841
0.005,0.09,0.027,3.1,0.367416232256407
0.005,0.09,0.036,2.9,0.318930013361899
0.005,0.09,0.045,2.9,0.298326900464556
0.005,0.09,0.054,2.95,0.28554008940021
0.005,0.09,0.063,2.9,0.284896666639188
0.005,0.09,0.072,2.75,0.153383979217171
0.005,0.09,0.081,2.8,0.224556761041471
0.005,0.09,0.09,2.9,0.234583841417195
0.005,0.1,0,7,100
0.005,0.1,0.01,3.65,1.31213618357523
0.005,0.1,0.02,3.05,0.499126201784663
0.005,0.1,0.03,3,0.424845520768848
0.005,0.1,0.04,2.85,0.305113068657493
0.005,0.1,0.05,2.9,0.324759987674042
0.005,0.1,0.06,2.5,0.269184678536914
0.005,0.1,0.07,2.8,0.174043544116834
0.005,0.1,0.08,2.6,0.285404733452518
0.005,0.1,0.09,2.3,0.0723728634983246
0.005,0.1,0.1,2.3,0.0929479362959577
0.01,0.01,0,23.2,100
0.01,0.01,0.001,19.45,35.6160083176712
0.01,0.01,0.002,19.15,20.116421157655
0.01,0.01,0.003,18.2,15.4907597268622
0.01,0.01,0.004,18.7,11.8913700221784
0.01,0.01,0.005,17.9,10.8503261343814
0.01,0.01,0.006,17.75,10.8045646303239
0.01,0.01,0.007,17.95,9.41453777499876
0.01,0.01,0.008,18.4,8.96545113811225
0.01,0.01,0.009,18.7,9.69182805598457
0.01,0.01,0.01,18.9,9.31396086993628
0.01,0.02,0,14.6,100
0.01,0.02,0.002,10.6,17.5417498576252
0.01,0.02,0.004,10.55,9.12054849087629
0.01,0.02,0.006,10.05,8.833530854669
0.01,0.02,0.008,9.5,5.05612037763588
0.01,0.02,0.01,9.65,5.72661005464879
0.01,0.02,0.012,9.95,4.8820902037748
0.01,0.02,0.014,9.85,4.02159378884222
0.01,0.02,0.016,9.85,4.02757142940025
0.01,0.02,0.018,10.1,3.54115458761781
0.01,0.02,0.02,10.1,3.60362510155131
0.01,0.03,0,10.85,100
0.01,0.03,0.003,7.8,8.8270204509962
0.01,0.03,0.006,7.1,8.54126390068161
0.01,0.03,0.009,6.85,5.67778047767639
0.01,0.03,0.012,6.85,3.40632849688647
0.01,0.03,0.015,6.75,2.67699881218648
0.01,0.03,0.018,6.6,2.64247154423876
0.01,0.03,0.021,7.05,2.92131310162834
0.01,0.03,0.024,7.15,2.4711029294214
0.01,0.03,0.027,6.8,2.79016647602561
0.01,0.03,0.03,7.05,2.58849269289986
0.01,0.04,0,9.8,100
0.01,0.04,0.004,6.25,9.22619010674198
0.01,0.04,0.008,6.05,5.40369148212816
0.01,0.04,0.012,5.65,2.63976340271769
0.01,0.04,0.016,5.5,2.8090392906229
0.01,0.04,0.02,5.25,2.08436719973131
0.01,0.04,0.024,5.7,1.86650036186923
0.01,0.04,0.028,5.2,2.13384218367129
0.01,0.04,0.032,5.3,1.76858082216487
0.01,0.04,0.036,5.35,1.40829295827326
0.01,0.04,0.04,5.45,1.49957937303541
0.01,0.05,0,8,100
0.01,0.05,0.005,5.4,5.97662963068143
0.01,0.05,0.01,4.9,2.99364989915515
0.01,0.05,0.015,4.55,2.43645527603994
0.01,0.05,0.02,4.5,1.53440987329389
0.01,0.05,0.025,4.6,1.25177838306498
0.01,0.05,0.03,4.3,1.55132872280625
0.01,0.05,0.035,4.55,1.33593036432798
0.01,0.05,0.04,4.35,1.10568107391493
0.01,0.05,0.045,4.2,0.766455893865563
0.01,0.05,0.05,4.3,1.10932087643281
0.01,0.06,0,8.05,100
0.01,0.06,0.006,5.1,5.92166852453819
0.01,0.06,0.012,4.35,2.62928411859019
0.01,0.06,0.018,4.05,1.31988012834122
0.01,0.06,0.024,4,1.32150699938113
0.01,0.06,0.03,3.85,1.08925494306039
0.01,0.06,0.036,3.9,1.08922986571973
0.01,0.06,0.042,3.7,1.26985129159909
0.01,0.06,0.048,3.85,0.82295873643544
0.01,0.06,0.054,3.65,0.973412201056416
0.01,0.06,0.06,3.55,0.661042839926893
0.01,0.07,0,6.9,100
0.01,0.07,0.007,4.2,2.17175025464872
0.01,0.07,0.014,3.75,2.30233109628221
0.01,0.07,0.021,3.7,1.36092641946379
0.01,0.07,0.028,3.35,1.0379579441749
0.01,0.07,0.035,3.45,0.696630574497644
0.01,0.07,0.042,3.2,0.756830530299346
0.01,0.07,0.049,3.35,0.645066008043848
0.01,0.07,0.056,3.25,0.705150908810195
0.01,0.07,0.063,3.35,0.669108252041021
0.01,0.07,0.07,3.4,0.537605462856768
0.01,0.08,0,6.45,100
0.01,0.08,0.008,4,2.72629497832681
0.01,0.08,0.016,3.6,1.85621144988203
0.01,0.08,0.024,3.25,1.02114139578577
0.01,0.08,0.032,3.2,0.865901630557163
0.01,0.08,0.04,3.05,0.719976346167512
0.01,0.08,0.048,3,0.524565174042958
0.01,0.08,0.056,3.05,0.624614234272874
0.01,0.08,0.064,3.05,0.574313251128573
0.01,0.08,0.072,3.05,0.409135320546757
0.01,0.08,0.08,3.1,0.574918192791583
0.01,0.09,0,6.7,100
0.01,0.09,0.009,3.55,2.37826732084139
0.01,0.09,0.018,3.3,1.39965306439079
0.01,0.09,0.027,3,0.704698456667904
0.01,0.09,0.036,2.95,0.861153494549563
0.01,0.09,0.045,3,0.572317662295685
0.01,0.09,0.054,2.9,0.632765533850694
0.01,0.09,0.063,2.95,0.479881606063501
0.01,0.09,0.072,2.85,0.358131488426495
0.01,0.09,0.081,2.55,0.318291961742303
0.01,0.09,0.09,2.85,0.28626932825699
0.01,0.1,0,6.35,100
0.01,0.1,0.01,3.55,2.65179827102509
0.01,0.1,0.02,3.1,1.38100912617213
0.01,0.1,0.03,2.85,0.772092068932392
0.01,0.1,0.04,2.8,0.428026263337576
0.01,0.1,0.05,2.65,0.462321640830752
0.01,0.1,0.06,2.6,0.337146267256542
0.01,0.1,0.07,2.45,0.338155346962424
0.01,0.1,0.08,2.35,0.227632238775828
0.01,0.1,0.09,2.55,0.347316233115165
0.01,0.1,0.1,2.4,0.286766784976953
0.015,0.01,0,21.8,100
0.015,0.01,0.001,19.4,46.6917588094711
0.015,0.01,0.002,17.7,30.3618059115306
0.015,0.01,0.003,17.1,21.9124405687405
0.015,0.01,0.004,17.9,17.6789074357667
0.015,0.01,0.005,18.1,18.156762186092
0.015,0.01,0.006,17.5,14.513155546917
0.015,0.01,0.007,17.65,13.569268657242
0.015,0.01,0.008,17.7,12.6902508454785
0.015,0.01,0.009,17.95,13.7154172338414
0.015,0.01,0.01,19.2,12.5144669477354
0.015,0.02,0,14.05,100
0.015,0.02,0.002,11.1,28.8725051263746
0.015,0.02,0.004,10.4,16.1238048681913
0.015,0.02,0.006,9.65,10.5544510239646
0.015,0.02,0.008,9.85,9.86649363705073
0.015,0.02,0.01,9.9,8.10068048902711
0.015,0.02,0.012,9.55,6.81331998815256
0.015,0.02,0.014,9.45,6.69237697581406
0.015,0.02,0.016,9.5,6.58428827831017
0.015,0.02,0.018,10.25,5.86918593450508
0.015,0.02,0.02,9.8,5.36855380564883
0.015,0.03,0,10,100
0.015,0.03,0.003,8.05,15.9933005023262
0.015,0.03,0.006,7.05,9.20885893151785
0.015,0.03,0.009,6.95,6.60195987652345
0.015,0.03,0.012,6.45,6.31825297500052
0.015,0.03,0.015,6.6,3.94855538495622
0.015,0.03,0.018,6.75,4.36394644095776
0.015,0.03,0.021,6.4,3.54393541367807
0.015,0.03,0.024,6.95,4.03249092597075
0.015,0.03,0.027,6.95,3.71168986462331
0.015,0.03,0.03,6.85,3.5988196759308
0.015,0.04,0,9.2,100
0.015,0.04,0.004,6.45,8.70921795286285
0.015,0.04,0.008,5.95,5.93594604181471
0.015,0.04,0.012,5.45,3.80474251553252
0.015,0.04,0.016,5.3,3.24573157356891
0.015,0.04,0.02,5,3.05317455263253
0.015,0.04,0.024,5.1,2.66841949817994
0.015,0.04,0.028,5.45,2.87139922185718
0.015,0.04,0.032,5.3,2.94270970519481
0.015,0.04,0.036,5.4,2.86192761974536
0.015,0.04,0.04,5.4,2.31354158128077
0.015,0.05,0,8.2,100
0.015,0.05,0.005,5.5,8.52612312312104
0.015,0.05,0.01,4.7,4.0008536455973
0.015,0.05,0.015,4.5,3.09442735873061
0.015,0.05,0.02,4.55,2.9375140707079
0.015,0.05,0.025,4.25,2.32530281586608
0.015,0.05,0.03,4.2,1.93489269726658
0.015,0.05,0.035,4.4,1.99364874405697
0.015,0.05,0.04,4.4,1.85102829331541
0.015,0.05,0.045,4.5,1.74348824778171
0.015,0.05,0.05,4.35,1.5664095505923
0.015,0.06,0,7.7,100
0.015,0.06,0.006,4.55,5.57651881828283
0.015,0.06,0.012,4.1,3.38741104403271
0.015,0.06,0.018,3.85,2.29323492729743
0.015,0.06,0.024,4,2.09695567462008
0.015,0.06,0.03,3.85,1.88401727612205
0.015,0.06,0.036,3.8,1.43284180077082
0.015,0.06,0.042,3.7,1.64107825203137
0.015,0.06,0.048,3.75,1.34233608665251
0.015,0.06,0.054,3.8,1.09291037900824
0.015,0.06,0.06,3.8,1.14589587061042
0.015,0.07,0,6.75,100
0.015,0.07,0.007,4.3,6.52981766899289
0.015,0.07,0.014,3.75,2.61710097806469
0.015,0.07,0.021,3.55,2.52430337436833
0.015,0.07,0.028,3.45,1.91890391977378
0.015,0.07,0.035,3.3,1.21445434935358
0.015,0.07,0.042,3.25,1.23923185221824
0.015,0.07,0.049,3.3,0.90519925263517
0.015,0.07,0.056,3.2,0.878015145333677
0.015,0.07,0.063,3.05,0.842120261607873
0.015,0.07,0.07,3.25,1.03894735419405
0.015,0.08,0,6.25,100
0.015,0.08,0.008,3.85,5.74046227721473
0.015,0.08,0.016,3.55,2.09658757247638
0.015,0.08,0.024,3.4,1.57023598941252
0.015,0.08,0.032,3.1,1.10810078077428
0.015,0.08,0.04,3.15,1.09696009894814
0.015,0.08,0.048,3.05,0.909168115288318
0.015,0.08,0.056,3,0.849220696565491
0.015,0.08,0.064,3.05,0.924643830333596
0.015,0.08,0.072,3,0.760169840945076
0.015,0.08,0.08,2.95,0.676771097309446
0.015,0.09,0,6.25,100
0.015,0.09,0.009,3.65,3.88307209294975
0.015,0.09,0.018,3.2,1.69025498999982
0.015,0.09,0.027,3.05,1.56473809111152
0.015,0.09,0.036,2.95,1.47906684545505
0.015,0.09,0.045,2.85,0.849466589908398
0.015,0.09,0.054,2.95,0.857098494216315
0.015,0.09,0.063,2.8,0.877057593762614
0.015,0.09,0.072,2.8,0.748073718238264
0.015,0.09,0.081,2.65,0.566600200263069
0.015,0.09,0.09,2.75,0.521913239159688
0.015,0.1,0,5.55,100
0.015,0.1,0.01,3.45,3.20083657432004
0.015,0.1,0.02,3.05,2.19659258062549
0.015,0.1,0.03,2.95,1.47238048159075
0.015,0.1,0.04,2.85,0.83449401228724
0.015,0.1,0.05,2.6,0.63599917979853
0.015,0.1,0.06,2.45,0.533895138273014
0.015,0.1,0.07,2.45,0.453248486822995
0.015,0.1,0.08,2.5,0.685241047063903
0.015,0.1,0.09,2.35,0.557119680042185
0.015,0.1,0.1,2.4,0.484026214863777
0.02,0.01,0,20.95,100
0.02,0.01,0.001,17.3,41.8319205979335
0.02,0.01,0.002,18,32.0057081479679
0.02,0.01,0.003,17.2,25.3183200464529
0.02,0.01,0.004,17.9,21.255959342723
0.02,0.01,0.005,16.95,22.2332859354097
0.02,0.01,0.006,17.3,18.5220092269553
0.02,0.01,0.007,17.45,19.2924515030806
0.02,0.01,0.008,18.05,19.0461172727048
0.02,0.01,0.009,17.95,16.9414491560883
0.02,0.01,0.01,18.05,16.2641438029671
0.02,0.02,0,12.55,100
0.02,0.02,0.002,11,33.0095599835855
0.02,0.02,0.004,9.75,16.4151041752474
0.02,0.02,0.006,9.45,11.5225164080835
0.02,0.02,0.008,9.3,11.0205506034387
0.02,0.02,0.01,8.9,9.89400606011857
0.02,0.02,0.012,9.5,9.81962801942625
0.02,0.02,0.014,9.6,8.47478191679861
0.02,0.02,0.016,10.2,8.73424640983382
0.02,0.02,0.018,10,7.71284989710992
0.02,0.02,0.02,9.55,6.9196138022391
0.02,0.03,0,10.6,100
0.02,0.03,0.003,7.85,18.8164274924735
0.02,0.03,0.006,7.35,12.6919341772572
0.02,0.03,0.009,7.15,10.0957843752739
0.02,0.03,0.012,6.5,6.72546661396913
0.02,0.03,0.015,6.95,6.68622734016655
0.02,0.03,0.018,6.5,5.76954636804177
0.02,0.03,0.021,6.6,4.30343363610992
0.02,0.03,0.024,6.8,4.74967400307267
0.02,0.03,0.027,6.85,4.39091277017746
0.02,0.03,0.03,6.75,4.40948448417469
0.02,0.04,0,8.6,100
0.02,0.04,0.004,6.1,17.1662772833912
0.02,0.04,0.008,5.65,9.79825851546352
0.02,0.04,0.012,5.5,6.54827656171693
0.02,0.04,0.016,5.3,4.63528431545257
0.02,0.04,0.02,5.3,3.83333399805632
0.02,0.04,0.024,5.2,3.86870205474257
0.02,0.04,0.028,5.2,3.45065473192282
0.02,0.04,0.032,5.2,3.38671932488999
0.02,0.04,0.036,5.3,3.95387214131231
0.02,0.04,0.04,5.3,2.86825634936831
0.02,0.05,0,7.5,100
0.02,0.05,0.005,5.1,13.0007803181352
0.02,0.05,0.01,4.9,5.91526563269597
0.02,0.05,0.015,4.35,4.27426249926772
0.02,0.05,0.02,4.65,3.41322777012571
0.02,0.05,0.025,4.4,3.16707201043825
0.02,0.05,0.03,4.35,2.56518926633168
0.02,0.05,0.035,4.35,2.71706939787423
0.02,0.05,0.04,4.1,2.2279184158316
0.02,0.05,0.045,4.35,1.87343994887887
0.02,0.05,0.05,4.45,2.0160957051445
0.02,0.06,0,6.55,100
0.02,0.06,0.006,4.75,10.6691398711971
0.02,0.06,0.012,4.15,5.51582319372357
0.02,0.06,0.018,4.05,3.91341824672901
0.02,0.06,0.024,4,2.50791803070194
0.02,0.06,0.03,3.95,2.38098896054098
0.02,0.06,0.036,3.8,2.40567758065381
0.02,0.06,0.042,3.6,1.85710392220818
0.02,0.06,0.048,3.7,1.74257491510808
0.02,0.06,0.054,3.85,1.62971227445507
0.02,0.06,0.06,3.65,1.42186051179349
0.02,0.07,0,6.1,100
0.02,0.07,0.007,4.3,7.11696504363143
0.02,0.07,0.014,3.75,4.64624292492171
0.02,0.07,0.021,3.6,3.06252167740754
0.02,0.07,0.028,3.45,2.18718107692513
0.02,0.07,0.035,3.25,1.41613689898838
0.02,0.07,0.042,3.4,1.92392925397161
0.02,0.07,0.049,3.15,1.67698049867639
0.02,0.07,0.056,3.2,1.15253982799517
0.02,0.07,0.063,3.25,1.41223925216773
0.02,0.07,0.07,3.3,1.29068668193584
0.02,0.08,0,6.05,100
0.02,0.08,0.008,3.95,5.24505812693345
0.02,0.08,0.016,3.35,2.49048449962552
0.02,0.08,0.024,3.25,2.89724887897754
0.02,0.08,0.032,3.05,1.59953946299908
0.02,0.08,0.04,2.9,1.2155806500598
0.02,0.08,0.048,3,1.36950171950638
0.02,0.08,0.056,3,1.21765360011852
0.02,0.08,0.064,2.95,1.28415431455695
0.02,0.08,0.072,3,1.2362714108014
0.02,0.08,0.08,2.9,1.00564874463007
0.02,0.09,0,5.75,100
0.02,0.09,0.009,3.8,6.62606837808375
0.02,0.09,0.018,3.1,2.76179590898826
0.02,0.09,0.027,2.95,1.81464122113408
0.02,0.09,0.036,3.05,1.2493143562439
0.02,0.09,0.045,2.9,1.11964206170392
0.02,0.09,0.054,2.9,1.1092587437485
0.02,0.09,0.063,2.75,0.910724206050879
0.02,0.09,0.072,2.65,0.821016783572171
0.02,0.09,0.081,2.7,0.880277268581429
0.02,0.09,0.09,2.75,0.593738803003195
0.02,0.1,0,5.35,100
0.02,0.1,0.01,3.4,3.98445142204887
0.02,0.1,0.02,3.15,2.75660166247686
0.02,0.1,0.03,2.8,1.49642341673366
0.02,0.1,0.04,2.8,1.4841148443965
0.02,0.1,0.05,2.65,0.944932026013928
0.02,0.1,0.06,2.45,0.800329603923636
0.02,0.1,0.07,2.55,0.82899592220897
0.02,0.1,0.08,2.65,0.583927906808702
0.02,0.1,0.09,2.45,0.701184603910263
0.02,0.1,0.1,2.25,0.564967786391417
0.025,0.01,0,19.55,100
0.025,0.01,0.001,16.9,54.793025048699
0.025,0.01,0.002,16.1,33.0234320809944
0.025,0.01,0.003,16.45,27.844276839648
0.025,0.01,0.004,16.1,27.1932281420902
0.025,0.01,0.005,16.5,24.5648478800991
0.025,0.01,0.006,17.1,22.8581112333487
0.025,0.01,0.007,16.7,21.7407331236854
0.025,0.01,0.008,17,21.2276151004455
0.025,0.01,0.009,17.85,21.6418400523175
0.025,0.01,0.01,17.2,18.9583368824302
0.025,0.02,0,12,100
0.025,0.02,0.002,10.35,34.977471669062
0.025,0.02,0.004,9.25,21.7691515038223
0.025,0.02,0.006,9.65,15.7407686270981
0.025,0.02,0.008,9.15,13.1937254092293
0.025,0.02,0.01,9.45,13.2354686462939
0.025,0.02,0.012,9.55,12.1652221013398
0.025,0.02,0.014,9.55,11.1143665566229
0.025,0.02,0.016,9.6,10.3181443159144
0.025,0.02,0.018,9.65,8.54578277143759
0.025,0.02,0.02,9.7,9.45515764611483
0.025,0.03,0,9.2,100
0.025,0.03,0.003,7.6,21.8786767342368
0.025,0.03,0.006,7.15,16.3995217866013
0.025,0.03,0.009,6.9,12.1858180092016
0.025,0.03,0.012,6.5,9.38200987887273
0.025,0.03,0.015,6.65,7.78940369832991
0.025,0.03,0.018,6.45,7.68093252484812
0.025,0.03,0.021,6.8,6.52862282527132
0.025,0.03,0.024,6.7,6.08135264919695
0.025,0.03,0.027,6.75,5.65686017528617
0.025,0.03,0.03,6.6,5.34892836669958
0.025,0.04,0,8.05,100
0.025,0.04,0.004,6.35,20.5774744545422
0.025,0.04,0.008,5.85,10.5707153666802
0.025,0.04,0.012,5.45,6.01857441273645
0.025,0.04,0.016,5.25,6.97750405226154
0.025,0.04,0.02,5.25,5.19156817047314
0.025,0.04,0.024,4.85,4.37010747043639
0.025,0.04,0.028,5.25,5.57611345309455
0.025,0.04,0.032,5.35,4.41832221123931
0.025,0.04,0.036,5.35,3.80337876035984
0.025,0.04,0.04,5.25,3.6166500215456
0.025,0.05,0,7.55,100
0.025,0.05,0.005,5.55,17.9657427194631
0.025,0.05,0.01,4.85,9.52344989428887
0.025,0.05,0.015,4.5,6.08503542663524
0.025,0.05,0.02,4.5,4.86009850137006
0.025,0.05,0.025,4.4,3.28438885246259
0.025,0.05,0.03,4.55,3.21111418469518
0.025,0.05,0.035,4.4,3.21626632219225
0.025,0.05,0.04,4.45,3.20266948696455
0.025,0.05,0.045,4.05,2.48878318120258
0.025,0.05,0.05,4.4,2.610566795282
0.025,0.06,0,6.5,100
0.025,0.06,0.006,4.5,11.1494810337457
0.025,0.06,0.012,4.25,6.74832342668159
0.025,0.06,0.018,3.8,3.33846661133517
0.025,0.06,0.024,3.95,3.72500469289486
0.025,0.06,0.03,3.65,2.39647388567061
0.025,0.06,0.036,3.65,2.10577283329046
0.025,0.06,0.042,3.7,2.29077416259063
0.025,0.06,0.048,3.65,2.18097353270333
0.025,0.06,0.054,3.7,2.28052269844697
0.025,0.06,0.06,3.55,1.7329995000032
0.025,0.07,0,6.1,100
0.025,0.07,0.007,4,9.91720436055571
0.025,0.07,0.014,3.85,4.24930340164049
0.025,0.07,0.021,3.4,3.18769770834511
0.025,0.07,0.028,3.35,3.18494684727638
0.025,0.07,0.035,3.3,2.58258471928875
0.025,0.07,0.042,3.1,1.85025285907005
0.025,0.07,0.049,3.1,1.55566449845002
0.025,0.07,0.056,3.25,1.57482453745704
0.025,0.07,0.063,3.5,1.67130950980898
0.025,0.07,0.07,3.15,1.41076113161086
0.025,0.08,0,5.45,100
0.025,0.08,0.008,3.8,8.38096597369313
0.025,0.08,0.016,3.4,4.12329933755502
0.025,0.08,0.024,3.1,2.11081194527099
0.025,0.08,0.032,3.15,2.08381701331811
0.025,0.08,0.04,3,1.72644974506829
0.025,0.08,0.048,3.1,1.59667264970847
0.025,0.08,0.056,2.95,1.44608089370025
0.025,0.08,0.064,3,1.49029196631472
0.025,0.08,0.072,3,1.35009021719331
0.025,0.08,0.08,2.9,1.27728377531909
0.025,0.09,0,5.15,100
0.025,0.09,0.009,3.7,5.84311182904108
0.025,0.09,0.018,3.1,3.92519456618896
0.025,0.09,0.027,3.1,2.46356242723881
0.025,0.09,0.036,3.05,2.03663100427149
0.025,0.09,0.045,3,1.58241350724107
0.025,0.09,0.054,2.9,1.34471425490566
0.025,0.09,0.063,2.95,0.905085221400954
0.025,0.09,0.072,2.75,1.10567641560422
0.025,0.09,0.081,2.85,1.00006169971537
0.025,0.09,0.09,2.7,1.09945623532715
0.025,0.1,0,5.35,100
0.025,0.1,0.01,3.4,5.00188946245284
0.025,0.1,0.02,3.05,3.12029820646551
0.025,0.1,0.03,2.95,1.83920880736617
0.025,0.1,0.04,2.75,1.45493323334155
0.025,0.1,0.05,2.8,1.31090525556519
0.025,0.1,0.06,2.75,1.03745363541699
0.025,0.1,0.07,2.35,0.870180398561594
0.025,0.1,0.08,2.55,0.767950763103821
0.025,0.1,0.09,2.45,0.874476937384774
0.025,0.1,0.1,2.35,0.501976721460347
0.03,0.01,0,18.05,100
0.03,0.01,0.001,16.8,57.8521902534995
0.03,0.01,0.002,16.25,44.5373974638533
0.03,0.01,0.003,16.15,39.7991664757698
0.03,0.01,0.004,15.4,31.5192808391205
0.03,0.01,0.005,16.3,27.4161749255535
0.03,0.01,0.006,16.6,25.7040527148822
0.03,0.01,0.007,15.65,22.6401443370321
0.03,0.01,0.008,17.05,23.0670247142174
0.03,0.01,0.009,16.3,20.6141054581667
0.03,0.01,0.01,16.95,23.4164525937926
0.03,0.02,0,11.85,100
0.03,0.02,0.002,10.3,34.3009132779943
0.03,0.02,0.004,9.2,25.8949122180893
0.03,0.02,0.006,9.75,18.8439650652866
0.03,0.02,0.008,9.65,17.9531689310654
0.03,0.02,0.01,9.05,14.4455879641037
0.03,0.02,0.012,9.45,14.2908106514174
0.03,0.02,0.014,9.5,12.7029290161468
0.03,0.02,0.016,9.45,12.9068505518818
0.03,0.02,0.018,9.75,11.4018767123389
0.03,0.02,0.02,9.5,11.2738010154041
0.03,0.03,0,9.15,100
0.03,0.03,0.003,7.25,26.9588436600681
0.03,0.03,0.006,6.5,14.7462749190314
0.03,0.03,0.009,6.8,10.8657037635757
0.03,0.03,0.012,6.6,9.9738540279747
0.03,0.03,0.015,6.25,8.11159164514999
0.03,0.03,0.018,6.85,7.8281516112622
0.03,0.03,0.021,6.8,8.12386584568311
0.03,0.03,0.024,6.7,6.70199629494663
0.03,0.03,0.027,6.8,7.13075695180054
0.03,0.03,0.03,6.6,5.65782852167324
0.03,0.04,0,7.85,100
0.03,0.04,0.004,5.9,21.525769293237
0.03,0.04,0.008,5.7,11.7498506031787
0.03,0.04,0.012,5.35,7.75530390154074
0.03,0.04,0.016,5.15,7.37728229776801
0.03,0.04,0.02,5.2,6.66578015196797
0.03,0.04,0.024,4.9,5.05938358282329
0.03,0.04,0.028,5.1,5.1352274924531
0.03,0.04,0.032,5.2,5.47986451862647
0.03,0.04,0.036,5.55,4.99380948170639
0.03,0.04,0.04,5.15,4.5139092822269
0.03,0.05,0,7.1,100
0.03,0.05,0.005,5,15.1670040815966
0.03,0.05,0.01,4.6,9.53903485115738
0.03,0.05,0.015,4.4,5.8205839881406
0.03,0.05,0.02,4.55,5.46867375774317
0.03,0.05,0.025,4.1,4.88995067506889
0.03,0.05,0.03,4.3,3.99312021893075
0.03,0.05,0.035,4.15,3.45786333635372
0.03,0.05,0.04,4.15,3.63766509274356
0.03,0.05,0.045,4.35,4.28197765293358
0.03,0.05,0.05,4.3,3.5860209057545
0.03,0.06,0,6.25,100
0.03,0.06,0.006,4.55,13.3202474708514
0.03,0.06,0.012,4.05,6.11405155548503
0.03,0.06,0.018,3.9,5.21474555325916
0.03,0.06,0.024,4.05,4.43912283735829
0.03,0.06,0.03,3.65,3.45178208232138
0.03,0.06,0.036,3.7,3.39635121470606
0.03,0.06,0.042,3.7,2.82046542526839
0.03,0.06,0.048,3.55,2.46743941390614
0.03,0.06,0.054,3.55,2.36877632778259
0.03,0.06,0.06,3.5,2.31909506162822
0.03,0.07,0,5.8,100
0.03,0.07,0.007,4.5,13.4086582754027
0.03,0.07,0.014,3.8,7.11153724812427
0.03,0.07,0.021,3.4,3.47441139914188
0.03,0.07,0.028,3.4,3.56390132108589
0.03,0.07,0.035,3.25,2.48769937006311
0.03,0.07,0.042,3.45,2.51706846760675
0.03,0.07,0.049,3.15,2.08217418265942
0.03,0.07,0.056,3.5,2.22254392479959
0.03,0.07,0.063,3.2,1.91527923047951
0.03,0.07,0.07,3.25,2.15104502575375
0.03,0.08,0,5.45,100
0.03,0.08,0.008,3.95,12.0293974144519
0.03,0.08,0.016,3.3,5.01513793114621
0.03,0.08,0.024,3.2,3.49373234903607
0.03,0.08,0.032,3.1,2.76030277685832
0.03,0.08,0.04,3.05,2.44470487720143
0.03,0.08,0.048,2.95,2.19502278822766
0.03,0.08,0.056,3,1.56290786832049
0.03,0.08,0.064,3,1.51707761029904
0.03,0.08,0.072,2.85,1.4328483318814
0.03,0.08,0.08,3,1.32832172098864
0.03,0.09,0,5.15,100
0.03,0.09,0.009,3.4,6.55331808702638
0.03,0.09,0.018,3.15,3.78389766184134
0.03,0.09,0.027,2.85,2.91859891975792
0.03,0.09,0.036,2.9,2.26403281537558
0.03,0.09,0.045,2.95,1.77885274490026
0.03,0.09,0.054,2.8,1.46097521562258
0.03,0.09,0.063,2.9,1.41920756208797
0.03,0.09,0.072,2.7,1.2756641001403
0.03,0.09,0.081,2.75,1.43247371074859
0.03,0.09,0.09,2.9,1.3014761965706
0.03,0.1,0,5.2,100
0.03,0.1,0.01,3.3,6.51402263558286
0.03,0.1,0.02,3.05,4.30624253716885
0.03,0.1,0.03,2.9,2.69841997598583
0.03,0.1,0.04,2.7,1.65412435992589
0.03,0.1,0.05,2.8,1.46748226902069
0.03,0.1,0.06,2.7,1.56401962108934
0.03,0.1,0.07,2.5,1.23112477137088
0.03,0.1,0.08,2.45,1.11942984123499
0.03,0.1,0.09,2.75,1.21129788915423
0.03,0.1,0.1,2.15,0.846849905710189
0.035,0.01,0,17.65,100
0.035,0.01,0.001,16.05,63.6376790480984
0.035,0.01,0.002,15.65,47.717499001891
0.035,0.01,0.003,15.25,39.3091444412702
0.035,0.01,0.004,15.7,33.6131341026967
0.035,0.01,0.005,16.1,29.7381747328587
0.035,0.01,0.006,16.05,29.5790828447317
0.035,0.01,0.007,16.7,29.7615667487623
0.035,0.01,0.008,16.6,27.2182522975253
0.035,0.01,0.009,16.1,23.756501135935
0.035,0.01,0.01,16.2,23.4545029032059
0.035,0.02,0,10.95,100
0.035,0.02,0.002,9.75,36.4321434104051
0.035,0.02,0.004,9.75,26.7112120242113
0.035,0.02,0.006,9.3,21.2160383411186
0.035,0.02,0.008,8.95,18.9579137750069
0.035,0.02,0.01,9.1,17.15475690274
0.035,0.02,0.012,8.7,14.7909094916037
0.035,0.02,0.014,9.3,14.9573435004797
0.035,0.02,0.016,9,11.9060919919028
0.035,0.02,0.018,9.5,13.2137573371944
0.035,0.02,0.02,9.45,12.313703234405
0.035,0.03,0,8.75,100
0.035,0.03,0.003,7.5,29.320200923209
0.035,0.03,0.006,6.75,18.6026331325359
0.035,0.03,0.009,6.65,14.6906480834272
0.035,0.03,0.012,6.8,13.2411700959832
0.035,0.03,0.015,6.35,9.34432986373187
0.035,0.03,0.018,6.7,9.38146305590969
0.035,0.03,0.021,6.45,10.1353766673805
0.035,0.03,0.024,6.55,8.56899459416536
0.035,0.03,0.027,6.75,8.21907585607202
0.035,0.03,0.03,6.4,7.23285181857914
0.035,0.04,0,7.45,100
0.035,0.04,0.004,5.9,21.9250646100155
0.035,0.04,0.008,5.45,12.0194031930431
0.035,0.04,0.012,5.45,9.55611358721538
0.035,0.04,0.016,5.1,8.76848482492695
0.035,0.04,0.02,5.15,7.52117278292024
0.035,0.04,0.024,5.05,6.52464985188811
0.035,0.04,0.028,5.05,5.89475945792348
0.035,0.04,0.032,5.2,5.47067081674994
0.035,0.04,0.036,5,5.7223989972263
0.035,0.04,0.04,5.4,6.03584640054185
0.035,0.05,0,6.55,100
0.035,0.05,0.005,4.95,17.2842718196823
0.035,0.05,0.01,4.55,9.6703178824112
0.035,0.05,0.015,4.65,8.21276797751637
0.035,0.05,0.02,4.3,5.77362706715093
0.035,0.05,0.025,4.2,5.5757677886332
0.035,0.05,0.03,4.45,5.71157166722032
0.035,0.05,0.035,4.3,4.55108880126938
0.035,0.05,0.04,4.3,3.96578971074759
0.035,0.05,0.045,4.15,4.11678551373145
0.035,0.05,0.05,4.15,3.27627182533258
0.035,0.06,0,6,100
0.035,0.06,0.006,4.65,17.87223040431
0.035,0.06,0.012,4.1,8.80236699004932
0.035,0.06,0.018,4,6.83481077729907
0.035,0.06,0.024,3.8,4.70785625275556
0.035,0.06,0.03,3.9,4.21923048864207
0.035,0.06,0.036,3.8,3.80485637218124
0.035,0.06,0.042,3.7,2.71305605536425
0.035,0.06,0.048,3.8,3.35694356805157
0.035,0.06,0.054,3.8,3.21130729010707
0.035,0.06,0.06,3.6,2.9073883501202
0.035,0.07,0,5.6,100
0.035,0.07,0.007,4.05,12.596061410927
0.035,0.07,0.014,3.5,5.37405564576477
0.035,0.07,0.021,3.55,4.51591022014102
0.035,0.07,0.028,3.3,3.42103328345528
0.035,0.07,0.035,3.6,3.39508246790215
0.035,0.07,0.042,3.2,2.46272535647316
0.035,0.07,0.049,3.1,2.24195017154481
0.035,0.07,0.056,3.2,2.2199936808153
0.035,0.07,0.063,3.3,1.95742665426699
0.035,0.07,0.07,3.15,2.22537880785511
0.035,0.08,0,5.45,100
0.035,0.08,0.008,3.65,10.3076192087833
0.035,0.08,0.016,3.25,5.57216102736681
0.035,0.08,0.024,3.2,3.89076712812988
0.035,0.08,0.032,3.05,3.44732773401104
0.035,0.08,0.04,3.2,2.62672380429793
0.035,0.08,0.048,3.05,2.36782555342007
0.035,0.08,0.056,3.15,2.53547637317481
0.035,0.08,0.064,2.95,1.86943021042328
0.035,0.08,0.072,2.95,1.87073150609385
0.035,0.08,0.08,2.85,1.69111256377928
0.035,0.09,0,5.05,100
0.035,0.09,0.009,3.7,11.1517137560252
0.035,0.09,0.018,3.1,4.80527375082302
0.035,0.09,0.027,3,3.35132625752271
0.035,0.09,0.036,2.95,2.63974516047631
0.035,0.09,0.045,2.95,2.27754380929152
0.035,0.09,0.054,2.85,2.03171047419466
0.035,0.09,0.063,2.85,1.71925305592076
0.035,0.09,0.072,2.6,1.57522281188805
0.035,0.09,0.081,2.7,1.57590482830011
0.035,0.09,0.09,2.75,1.31063275821772
0.035,0.1,0,4.85,100
0.035,0.1,0.01,3.2,6.77747937887754
0.035,0.1,0.02,3.05,4.46861054227262
0.035,0.1,0.03,3,2.79270449399798
0.035,0.1,0.04,2.7,1.86877850750362
0.035,0.1,0.05,2.65,1.43178943532193
0.035,0.1,0.06,2.5,1.50511102020535
0.035,0.1,0.07,2.35,1.63021064609706
0.035,0.1,0.08,2.35,1.40779612244975
0.035,0.1,0.09,2.45,1.13093617271183
0.035,0.1,0.1,2.25,1.05287290663265
0.04,0.01,0,15.95,100
0.04,0.01,0.001,15.9,67.6483254647477
0.04,0.01,0.002,14.75,50.3537999370731
0.04,0.01,0.003,15.5,48.0803420082798
0.04,0.01,0.004,15.5,38.5738362430915
0.04,0.01,0.005,15.45,32.9673913796744
0.04,0.01,0.006,15.85,33.8326358081878
0.04,0.01,0.007,15.85,29.318355970147
0.04,0.01,0.008,14.85,26.6605277850933
0.04,0.01,0.009,15.75,28.2427342945992
0.04,0.01,0.01,16.6,27.5088270375265
0.04,0.02,0,11.3,100
0.04,0.02,0.002,9.35,48.8289464887988
0.04,0.02,0.004,9.05,29.267718760331
0.04,0.02,0.006,9.1,24.5893856191263
0.04,0.02,0.008,9.2,23.398469581292
0.04,0.02,0.01,9.1,17.7800524888308
0.04,0.02,0.012,8.8,15.844575026849
0.04,0.02,0.014,8.45,14.8551272572237
0.04,0.02,0.016,9.3,14.278798692686
0.04,0.02,0.018,8.95,14.890925201088
0.04,0.02,0.02,9.25,14.1611376757785
0.04,0.03,0,8.65,100
0.04,0.03,0.003,7,30.5939125772364
0.04,0.03,0.006,6.95,20.4902830168631
0.04,0.03,0.009,6.35,15.7469613603484
0.04,0.03,0.012,6.45,14.6755606708189
0.04,0.03,0.015,6.45,11.4343477745449
0.04,0.03,0.018,6.55,10.8386955797027
0.04,0.03,0.021,6.4,10.8636749376357
0.04,0.03,0.024,6.4,9.12305872170245
0.04,0.03,0.027,6.6,9.61529552384237
0.04,0.03,0.03,6.65,8.51517339873828
0.04,0.04,0,7.7,100
0.04,0.04,0.004,6,26.5162121556691
0.04,0.04,0.008,5.2,15.1189600340156
0.04,0.04,0.012,5.5,12.8672911601319
0.04,0.04,0.016,5.4,10.8300801549163
0.04,0.04,0.02,4.95,7.53845656445293
0.04,0.04,0.024,5.05,7.60786355765649
0.04,0.04,0.028,5.15,8.19159222637139
0.04,0.04,0.032,5.1,6.38341452893416
0.04,0.04,0.036,5.2,6.25763159310907
0.04,0.04,0.04,5.35,6.63866636912502
0.04,0.05,0,6.75,100
0.04,0.05,0.005,5.1,20.1492563666328
0.04,0.05,0.01,4.75,13.8258449552442
0.04,0.05,0.015,4.5,8.25683155073457
0.04,0.05,0.02,4.25,6.62363458799981
0.04,0.05,0.025,4.25,6.06554556339546
0.04,0.05,0.03,4.2,5.80627036822899
0.04,0.05,0.035,4.35,4.98666298518078
0.04,0.05,0.04,4.05,4.16575154039412
0.04,0.05,0.045,4.25,4.18199927164602
0.04,0.05,0.05,4.4,3.89426703122802
0.04,0.06,0,6.05,100
0.04,0.06,0.006,4.4,19.8243238771225
0.04,0.06,0.012,4.05,9.93203611379881
0.04,0.06,0.018,3.8,5.72837957152178
0.04,0.06,0.024,4,5.55455104209088
0.04,0.06,0.03,3.75,4.19252665161619
0.04,0.06,0.036,3.65,3.57967594181417
0.04,0.06,0.042,3.9,3.98565650302178
0.04,0.06,0.048,3.7,3.48792884415805
0.04,0.06,0.054,3.8,3.92754159470086
0.04,0.06,0.06,3.55,3.02750140991561
0.04,0.07,0,5.8,100
0.04,0.07,0.007,4.2,12.780926712015
0.04,0.07,0.014,3.6,6.2330335466641
0.04,0.07,0.021,3.45,5.2719739838735
0.04,0.07,0.028,3.45,4.39413013281341
0.04,0.07,0.035,3.3,4.19985032862402
0.04,0.07,0.042,3.3,3.07576768186206
0.04,0.07,0.049,3.3,3.10076349635807
0.04,0.07,0.056,3.25,3.25989793699187
0.04,0.07,0.063,3.2,2.62188469179886
0.04,0.07,0.07,3.05,2.2456082244629
0.04,0.08,0,5.05,100
0.04,0.08,0.008,3.75,11.137213583027
0.04,0.08,0.016,3.25,5.59730749785001
0.04,0.08,0.024,3.05,4.44907540102283
0.04,0.08,0.032,3.1,3.93161380700741
0.04,0.08,0.04,3,3.40974295843155
0.04,0.08,0.048,3,2.56874044167389
0.04,0.08,0.056,2.95,2.78177959743463
0.04,0.08,0.064,3,2.350333599476
0.04,0.08,0.072,2.95,1.99231547799469
0.04,0.08,0.08,2.95,1.81704629210043
0.04,0.09,0,5.05,100
0.04,0.09,0.009,3.45,11.9296660932056
0.04,0.09,0.018,3.25,5.51653745801202
0.04,0.09,0.027,3,3.97649982274636
0.04,0.09,0.036,2.9,2.97245307503845
0.04,0.09,0.045,2.8,2.16200852612021
0.04,0.09,0.054,2.85,1.90120604510537
0.04,0.09,0.063,2.75,1.53947650467757
0.04,0.09,0.072,2.7,1.61303132322207
0.04,0.09,0.081,2.7,1.39274473980172
0.04,0.09,0.09,2.5,1.27604430536316
0.04,0.1,0,4.9,100
0.04,0.1,0.01,3.4,11.913670693097
0.04,0.1,0.02,3,4.23337527714333
0.04,0.1,0.03,3,3.54260254023447
0.04,0.1,0.04,2.8,2.63421825633887
0.04,0.1,0.05,2.75,2.10307317080126
0.04,0.1,0.06,2.7,1.7891126819633
0.04,0.1,0.07,2.35,1.59331581150976
0.04,0.1,0.08,2.5,1.40511708264109
0.04,0.1,0.09,2.3,1.346110650845
0.04,0.1,0.1,2.5,1.13512591676133
0.045,0.01,0,16,100
0.045,0.01,0.001,15.15,60.1567085531791
0.045,0.01,0.002,15.55,56.4914313628082
0.045,0.01,0.003,14.35,42.364883407574
0.045,0.01,0.004,15.3,43.7164537591787
0.045,0.01,0.005,15,34.9142217089927
0.045,0.01,0.006,14.75,36.9820902144725
0.045,0.01,0.007,15.3,34.2522896266399
0.045,0.01,0.008,14.9,30.2440661830116
0.045,0.01,0.009,15.85,32.3515862510536
0.045,0.01,0.01,15.1,27.5289719178721
0.045,0.02,0,11.2,100
0.045,0.02,0.002,9.25,43.8659012921928
0.045,0.02,0.004,8.85,29.8855246084065
0.045,0.02,0.006,8.8,26.9425823665057
0.045,0.02,0.008,8.7,20.5832708942585
0.045,0.02,0.01,9,21.9128149961716
0.045,0.02,0.012,9.25,18.5588661595021
0.045,0.02,0.014,8.85,17.9414222346169
0.045,0.02,0.016,8.85,17.2053878777906
0.045,0.02,0.018,9.5,16.0529083486672
0.045,0.02,0.02,9.3,15.3765617277134
0.045,0.03,0,8.2,100
0.045,0.03,0.003,7.4,40.29641181272
0.045,0.03,0.006,6.6,21.0082861404225
0.045,0.03,0.009,6.45,15.0007084435939
0.045,0.03,0.012,6.35,15.1298295924458
0.045,0.03,0.015,6.45,14.9705144408508
0.045,0.03,0.018,6.45,11.1078286541862
0.045,0.03,0.021,6.65,12.4435923541442
0.045,0.03,0.024,6.55,10.0977688365673
0.045,0.03,0.027,6.75,9.63075965339762
0.045,0.03,0.03,6.5,8.90477192718812
0.045,0.04,0,7.35,100
0.045,0.04,0.004,6.15,28.232140559558
0.045,0.04,0.008,5.65,15.678746678877
0.045,0.04,0.012,5.4,13.0123968458007
0.045,0.04,0.016,4.95,10.6340322028266
0.045,0.04,0.02,5.25,9.61802567007458
0.045,0.04,0.024,5.15,9.53561192436458
0.045,0.04,0.028,4.9,8.33180561352046
0.045,0.04,0.032,4.9,7.58714930142655
0.045,0.04,0.036,5,6.63028290266659
0.045,0.04,0.04,4.85,5.79175591059125
0.045,0.05,0,6.5,100
0.045,0.05,0.005,5.15,19.7852419167199
0.045,0.05,0.01,4.55,12.6584058207058
0.045,0.05,0.015,4.6,11.5476921615857
0.045,0.05,0.02,4.5,9.29133118651758
0.045,0.05,0.025,4.05,6.77565809953209
0.045,0.05,0.03,4.35,6.00801766590032
0.045,0.05,0.035,4.2,4.78623062472014
0.045,0.05,0.04,4.4,4.66415498879949
0.045,0.05,0.045,4.3,4.93773718350068
0.045,0.05,0.05,4.15,5.26079529263847
0.045,0.06,0,5.8,100
0.045,0.06,0.006,4.6,22.9377605743495
0.045,0.06,0.012,4.05,9.79179394497267
0.045,0.06,0.018,3.9,7.07697515576668
0.045,0.06,0.024,3.85,5.58243695357891
0.045,0.06,0.03,3.75,5.59048312783848
0.045,0.06,0.036,3.8,4.27395825152379
0.045,0.06,0.042,3.65,4.05070488382002
0.045,0.06,0.048,3.55,3.64352798599344
0.045,0.06,0.054,3.8,3.57559086787427
0.045,0.06,0.06,3.6,3.07274245180482
0.045,0.07,0,5.6,100
0.045,0.07,0.007,4.05,15.6646598765323
0.045,0.07,0.014,3.75,8.85516650818951
0.045,0.07,0.021,3.55,5.84103486946933
0.045,0.07,0.028,3.3,5.02889443188772
0.045,0.07,0.035,3.2,3.96541745473313
0.045,0.07,0.042,3.2,3.67013526377219
0.045,0.07,0.049,3.25,3.65482905006077
0.045,0.07,0.056,3.2,2.80855948678641
0.045,0.07,0.063,3.3,2.86090057271939
0.045,0.07,0.07,3.3,2.78993987606722
0.045,0.08,0,4.95,100
0.045,0.08,0.008,3.95,14.2744700166272
0.045,0.08,0.016,3.3,7.57616886473458
0.045,0.08,0.024,3.1,4.60869730717316
0.045,0.08,0.032,3.1,3.86636645784656
0.045,0.08,0.04,2.95,3.02813450933444
0.045,0.08,0.048,3,2.97647336700493
0.045,0.08,0.056,3,2.71205493156414
0.045,0.08,0.064,2.9,2.37931859882348
0.045,0.08,0.072,2.95,2.32280355560908
0.045,0.08,0.08,2.9,2.20505642628539
0.045,0.09,0,4.75,100
0.045,0.09,0.009,3.45,9.27229724881395
0.045,0.09,0.018,3,6.07723564331234
0.045,0.09,0.027,2.95,4.75473184992984
0.045,0.09,0.036,3,3.63694599263111
0.045,0.09,0.045,3,2.5353598913147
0.045,0.09,0.054,2.8,2.48245872823732
0.045,0.09,0.063,2.8,2.10600222284392
0.045,0.09,0.072,2.85,1.70904944779436
0.045,0.09,0.081,2.8,1.84283444088739
0.045,0.09,0.09,2.8,1.39110919853558
0.045,0.1,0,4.7,100
0.045,0.1,0.01,3.35,9.0430066304463
0.045,0.1,0.02,2.9,4.38543174127805
0.045,0.1,0.03,3,4.47932605007917
0.045,0.1,0.04,2.8,2.8284629847993
0.045,0.1,0.05,2.7,2.23371559199735
0.045,0.1,0.06,2.8,2.37618110504166
0.045,0.1,0.07,2.35,1.59312763178523
0.045,0.1,0.08,2.45,1.65176939806937
0.045,0.1,0.09,2.4,1.26607596665862
0.045,0.1,0.1,2.5,1.296981761745
0.05,0.01,0,14.95,100
0.05,0.01,0.001,14.6,68.8828264993704
0.05,0.01,0.002,14.35,53.7448196833073
0.05,0.01,0.003,14.3,47.5545632352687
0.05,0.01,0.004,14.6,43.5164743896579
0.05,0.01,0.005,14.3,36.4368874924171
0.05,0.01,0.006,14.7,37.3659320197136
0.05,0.01,0.007,14.55,35.7322291946933
0.05,0.01,0.008,14.7,35.4607201527119
0.05,0.01,0.009,15.5,33.4690426866483
0.05,0.01,0.01,15.15,31.1626746880703
0.05,0.02,0,10.25,100
0.05,0.02,0.002,9.05,55.0075094529197
0.05,0.02,0.004,8.7,34.1987802760723
0.05,0.02,0.006,8.8,26.2026851854148
0.05,0.02,0.008,8.6,23.882364885692
0.05,0.02,0.01,8.9,20.9542002138408
0.05,0.02,0.012,8.6,20.3347986493228
0.05,0.02,0.014,8.85,19.9370105828475
0.05,0.02,0.016,9,19.9996381178624
0.05,0.02,0.018,8.85,18.501275280459
0.05,0.02,0.02,8.95,15.9697157284935
0.05,0.03,0,8.15,100
0.05,0.03,0.003,6.7,31.0499344509166
0.05,0.03,0.006,6.6,22.8819884380465
0.05,0.03,0.009,6.65,20.2365616294808
0.05,0.03,0.012,6.05,16.3929831365377
0.05,0.03,0.015,6.25,15.1868269415448
0.05,0.03,0.018,6.2,12.524405220422
0.05,0.03,0.021,6.75,12.540040881438
0.05,0.03,0.024,6.1,10.4023228726562
0.05,0.03,0.027,6.55,10.7148760888737
0.05,0.03,0.03,6.25,9.12026155279125
0.05,0.04,0,7,100
0.05,0.04,0.004,5.7,30.0340839208191
0.05,0.04,0.008,5.35,19.3410494021356
0.05,0.04,0.012,5.05,12.2032068212331
0.05,0.04,0.016,5.05,11.1969611167217
0.05,0.04,0.02,4.8,8.66444640231797
0.05,0.04,0.024,5.05,8.99662158460437
0.05,0.04,0.028,4.8,7.02541748166319
0.05,0.04,0.032,5.15,7.55383819783998
0.05,0.04,0.036,5.15,7.36502579186604
0.05,0.04,0.04,4.9,6.7642628940829
0.05,0.05,0,6.45,100
0.05,0.05,0.005,4.75,17.9642206343613
0.05,0.05,0.01,4.65,14.8950583653118
0.05,0.05,0.015,4.3,11.5005775970498
0.05,0.05,0.02,4.5,7.46040100810633
0.05,0.05,0.025,4.3,8.17674804094477
0.05,0.05,0.03,4.1,6.53079928039081
0.05,0.05,0.035,4.25,6.8537965807093
0.05,0.05,0.04,4.25,5.59394168824568
0.05,0.05,0.045,4.35,6.53161597059544
0.05,0.05,0.05,4.3,5.15933793873848
0.05,0.06,0,5.7,100
0.05,0.06,0.006,4.5,18.7922294469587
0.05,0.06,0.012,4.1,9.09948932251816
0.05,0.06,0.018,3.85,7.43681668335958
0.05,0.06,0.024,3.7,6.52173243848632
0.05,0.06,0.03,3.4,5.03444233697949
0.05,0.06,0.036,3.7,5.53771406247618
0.05,0.06,0.042,3.7,5.01778260878784
0.05,0.06,0.048,3.7,4.39236411413122
0.05,0.06,0.054,3.75,4.32863304960274
0.05,0.06,0.06,3.8,4.15011519371113
0.05,0.07,0,5.25,100
0.05,0.07,0.007,4.2,16.8780301947045
0.05,0.07,0.014,3.65,10.5619588208429
0.05,0.07,0.021,3.45,6.62581943059754
0.05,0.07,0.028,3.3,5.55010331976168
0.05,0.07,0.035,3.35,4.11513257777911
0.05,0.07,0.042,3.15,4.02594770664582
0.05,0.07,0.049,3.2,3.46454256624603
0.05,0.07,0.056,3.1,3.4091000555201
0.05,0.07,0.063,3.1,2.67045298808083
0.05,0.07,0.07,3,3.00887939957158
0.05,0.08,0,5.1,100
0.05,0.08,0.008,4.05,17.4702838264925
0.05,0.08,0.016,3.25,7.5913231527602
0.05,0.08,0.024,3.2,5.48404942517351
0.05,0.08,0.032,3.1,4.02675673361973
0.05,0.08,0.04,3.1,3.71661781965566
0.05,0.08,0.048,3,3.13992638534394
0.05,0.08,0.056,3,2.82201279787477
0.05,0.08,0.064,2.95,2.43104494050071
0.05,0.08,0.072,3,2.86071078842654
0.05,0.08,0.08,2.85,1.99577942848613
0.05,0.09,0,4.85,100
0.05,0.09,0.009,3.4,12.7339337585301
0.05,0.09,0.018,3.15,5.97690713886089
0.05,0.09,0.027,2.95,4.85430484997505
0.05,0.09,0.036,2.9,3.25496573045986
0.05,0.09,0.045,3,3.25377201121118
0.05,0.09,0.054,2.85,2.87299920428969
0.05,0.09,0.063,2.7,2.2361270525678
0.05,0.09,0.072,2.55,2.0802872248893
0.05,0.09,0.081,2.85,1.96707851856223
0.05,0.09,0.09,2.6,1.8346292267766
0.05,0.1,0,4.55,100
0.05,0.1,0.01,3.25,11.4552346442972
0.05,0.1,0.02,3.05,5.61677389075553
0.05,0.1,0.03,2.9,4.10469659162568
0.05,0.1,0.04,2.7,3.00314677653445
0.05,0.1,0.05,2.75,2.50279853054313
0.05,0.1,0.06,2.6,2.37679508568608
0.05,0.1,0.07,2.5,1.72692471979439
0.05,0.1,0.08,2.25,2.00556551752504
0.05,0.1,0.09,2.4,1.67185982021657
0.05,0.1,0.1,2.2,1.55570222173807
0.055,0.01,0,14.9,100
0.055,0.01,0.001,14.3,68.8364376901079
0.055,0.01,0.002,14.4,64.1412036964761
0.055,0.01,0.003,14.3,51.1599103212308
0.055,0.01,0.004,13.7,42.8212396545844
0.055,0.01,0.005,13.85,40.4979377906362
0.055,0.01,0.006,14.35,42.2086575357796
0.055,0.01,0.007,14.95,40.9401447597194
0.055,0.01,0.008,14.15,33.6334440187862
0.055,0.01,0.009,14.85,34.8084930754205
0.055,0.01,0.01,14.4,33.4303900082038
0.055,0.02,0,9.65,100
0.055,0.02,0.002,9.2,57.8195536546567
0.055,0.02,0.004,8.8,41.2033335052952
0.055,0.02,0.006,8.75,32.6764122736078
0.055,0.02,0.008,8.75,28.979534809106
0.055,0.02,0.01,8.6,23.1787039742845
0.055,0.02,0.012,8.8,20.6981430417145
0.055,0.02,0.014,8.9,20.3858646689025
0.055,0.02,0.016,8.85,20.0170870879304
0.055,0.02,0.018,9.5,20.6236936831621
0.055,0.02,0.02,8.55,19.1131919323386
0.055,0.03,0,7.8,100
0.055,0.03,0.003,6.8,38.3719491864601
0.055,0.03,0.006,6.55,26.0671752870636
0.055,0.03,0.009,6.15,19.559794157884
0.055,0.03,0.012,6.55,18.9495924560273
0.055,0.03,0.015,6.5,17.141101060405
0.055,0.03,0.018,6.2,12.9492439786779
0.055,0.03,0.021,6.45,14.5155934892301
0.055,0.03,0.024,6.3,11.8311173882773
0.055,0.03,0.027,6.3,11.409740021249
0.055,0.03,0.03,6.65,12.3332764903419
0.055,0.04,0,6.75,100
0.055,0.04,0.004,5.8,36.2748602739385
0.055,0.04,0.008,5.25,16.854842310531
0.055,0.04,0.012,5.45,15.4726753843088
0.055,0.04,0.016,4.85,13.1841925519132
0.055,0.04,0.02,4.8,10.5577685308996
0.055,0.04,0.024,5.1,10.7395866848716
0.055,0.04,0.028,5.05,10.3649273183296
0.055,0.04,0.032,4.8,7.7687611448179
0.055,0.04,0.036,4.9,8.30010924408155
0.055,0.04,0.04,5,7.66611419497966
0.055,0.05,0,6.15,100
0.055,0.05,0.005,5.05,27.5167031404498
0.055,0.05,0.01,4.6,15.728956937946
0.055,0.05,0.015,4.65,13.1718918415457
0.055,0.05,0.02,4.15,9.46643240256725
0.055,0.05,0.025,4.1,7.85812857935465
0.055,0.05,0.03,4.2,7.64188414093277
0.055,0.05,0.035,3.95,6.94835175686599
0.055,0.05,0.04,4.15,7.19308181573441
0.055,0.05,0.045,4.15,6.44167708896783
0.055,0.05,0.05,4.3,5.32205499805296
0.055,0.06,0,5.6,100
0.055,0.06,0.006,4.3,21.7449062377821
0.055,0.06,0.012,4.15,14.0334123154171
0.055,0.06,0.018,3.9,7.55438809078981
0.055,0.06,0.024,3.85,7.00592080988457
0.055,0.06,0.03,3.65,6.6852495663203
0.055,0.06,0.036,3.65,5.88514623624522
0.055,0.06,0.042,3.5,5.23173353096313
0.055,0.06,0.048,3.7,4.79945080658727
0.055,0.06,0.054,3.7,4.5202461777598
0.055,0.06,0.06,3.65,4.83374524733039
0.055,0.07,0,5.2,100
0.055,0.07,0.007,4.1,15.4294769587015
0.055,0.07,0.014,3.65,8.91170376117963
0.055,0.07,0.021,3.5,6.84296416674688
0.055,0.07,0.028,3.3,5.79268693845307
0.055,0.07,0.035,3.25,4.0574083121644
0.055,0.07,0.042,3.15,4.77903273633113
0.055,0.07,0.049,3.15,4.04603590406834
0.055,0.07,0.056,3.2,3.73614336100118
0.055,0.07,0.063,3.1,3.29997872591176
0.055,0.07,0.07,3.25,3.30374957517749
0.055,0.08,0,5,100
0.055,0.08,0.008,3.7,14.2938087931701
0.055,0.08,0.016,3.4,9.795417759224
0.055,0.08,0.024,3.25,5.94728750146985
0.055,0.08,0.032,3.05,4.77867057223102
0.055,0.08,0.04,3,3.84610981543671
0.055,0.08,0.048,3,3.57619077828941
0.055,0.08,0.056,2.95,2.73135391671741
0.055,0.08,0.064,2.95,3.59108268458874
0.055,0.08,0.072,2.95,3.22406269132948
0.055,0.08,0.08,2.9,2.39744218460867
0.055,0.09,0,4.6,100
0.055,0.09,0.009,3.4,14.8276709684438
0.055,0.09,0.018,3.2,7.87627511536619
0.055,0.09,0.027,3,5.0965149225497
0.055,0.09,0.036,2.95,3.3527913402454
0.055,0.09,0.045,2.85,3.49657829438108
0.055,0.09,0.054,2.95,2.88411786549001
0.055,0.09,0.063,2.6,2.30854339270685
0.055,0.09,0.072,2.65,2.23522177369004
0.055,0.09,0.081,2.85,2.17744368551502
0.055,0.09,0.09,2.55,1.94451322185414
0.055,0.1,0,4.35,100
0.055,0.1,0.01,3.3,10.96561804571
0.055,0.1,0.02,3.1,5.53070881683132
0.055,0.1,0.03,2.9,4.77063850107423
0.055,0.1,0.04,2.75,2.8267481049333
0.055,0.1,0.05,2.5,2.48774382274408
0.055,0.1,0.06,2.7,2.55352930093083
0.055,0.1,0.07,2.5,2.01458237257965
0.055,0.1,0.08,2.4,1.76327059411511
0.055,0.1,0.09,2.25,1.50844001156342
0.055,0.1,0.1,2.2,1.34661329386626
0.06,0.01,0,14.95,100
0.06,0.01,0.001,14.1,70.0452743062726
0.06,0.01,0.002,14,64.7190194894281
0.06,0.01,0.003,14.1,54.9975976170219
0.06,0.01,0.004,14,45.5445556497148
0.06,0.01,0.005,13.35,40.9823855306977
0.06,0.01,0.006,13.5,42.0145372510821
0.06,0.01,0.007,13.9,40.8069738421634
0.06,0.01,0.008,14.3,39.7826355482406
0.06,0.01,0.009,14.9,40.0977211944124
0.06,0.01,0.01,14.15,35.6764256237689
0.06,0.02,0,9.65,100
0.06,0.02,0.002,9.3,51.997447615348
0.06,0.02,0.004,8.8,39.8727720373197
0.06,0.02,0.006,8.8,36.9259964974391
0.06,0.02,0.008,8.25,27.3210173836504
0.06,0.02,0.01,8,25.6785102640871
0.06,0.02,0.012,8.75,25.3987931581514
0.06,0.02,0.014,8.4,23.3604207305366
0.06,0.02,0.016,8.75,19.4658370735542
0.06,0.02,0.018,8.6,20.1940158771789
0.06,0.02,0.02,8.85,19.8031770713383
0.06,0.03,0,7.7,100
0.06,0.03,0.003,7.05,48.722804000163
0.06,0.03,0.006,6.55,29.0533768105304
0.06,0.03,0.009,6.2,19.9810106566771
0.06,0.03,0.012,6.25,18.008476965308
0.06,0.03,0.015,6.3,16.1586585693418
0.06,0.03,0.018,6.3,12.9348686904652
0.06,0.03,0.021,6.2,12.4118177766244
0.06,0.03,0.024,6.35,13.1897998743894
0.06,0.03,0.027,6.05,12.4585527860026
0.06,0.03,0.03,6.4,12.7043527474316
0.06,0.04,0,6.55,100
0.06,0.04,0.004,5.6,31.9505668945022
0.06,0.04,0.008,5.05,20.4846566465153
0.06,0.04,0.012,5.2,17.6355290829154
0.06,0.04,0.016,4.9,13.440663705251
0.06,0.04,0.02,5.1,15.1777781350807
0.06,0.04,0.024,5.1,10.3810184872932
0.06,0.04,0.028,5.25,9.80540122129647
0.06,0.04,0.032,5,9.63990203302811
0.06,0.04,0.036,5.1,8.80602652644107
0.06,0.04,0.04,5,8.38265754378679
0.06,0.05,0,5.8,100
0.06,0.05,0.005,4.85,27.0810530208391
0.06,0.05,0.01,4.5,16.5821351134778
0.06,0.05,0.015,4.3,12.1293790246339
0.06,0.05,0.02,4.2,10.0584535502225
0.06,0.05,0.025,4.15,9.05020061955841
0.06,0.05,0.03,4.3,8.35381550011453
0.06,0.05,0.035,4.25,7.76770696588247
0.06,0.05,0.04,4.05,7.44892319272517
0.06,0.05,0.045,4.2,5.83048218068036
0.06,0.05,0.05,4.2,5.96934360516278
0.06,0.06,0,5.6,100
0.06,0.06,0.006,4.45,23.6956769757099
0.06,0.06,0.012,3.95,13.6272301474827
0.06,0.06,0.018,3.85,10.8433514764129
0.06,0.06,0.024,3.85,7.6081750373447
0.06,0.06,0.03,3.7,7.90817560521767
0.06,0.06,0.036,3.8,6.25617114801648
0.06,0.06,0.042,3.7,5.75068391793805
0.06,0.06,0.048,3.65,5.21959002849005
0.06,0.06,0.054,3.55,4.14743720374646
0.06,0.06,0.06,3.7,4.72531468293187
0.06,0.07,0,5.2,100
0.06,0.07,0.007,4.1,19.1378579810999
0.06,0.07,0.014,3.65,10.5125075969697
0.06,0.07,0.021,3.2,7.9078067695874
0.06,0.07,0.028,3.25,6.06120268019449
0.06,0.07,0.035,3.35,5.78324590397429
0.06,0.07,0.042,3.3,4.53000383575639
0.06,0.07,0.049,3.1,3.99560765677748
0.06,0.07,0.056,3.15,3.93494713669708
0.06,0.07,0.063,3.25,3.28238543170216
0.06,0.07,0.07,3.05,3.3910468970913
0.06,0.08,0,5.05,100
0.06,0.08,0.008,3.6,17.5920046682171
0.06,0.08,0.016,3.35,9.78293260143075
0.06,0.08,0.024,3.1,6.96614724421927
0.06,0.08,0.032,3.05,4.81079418184804
0.06,0.08,0.04,3,4.70246906763925
0.06,0.08,0.048,3,3.38370161755162
0.06,0.08,0.056,2.95,3.23877205703526
0.06,0.08,0.064,2.95,2.92093460874013
0.06,0.08,0.072,3,3.09782349926562
0.06,0.08,0.08,2.8,2.71246271880873
0.06,0.09,0,4.6,100
0.06,0.09,0.009,3.55,13.225300335936
0.06,0.09,0.018,3.1,6.66816402844355
0.06,0.09,0.027,2.75,4.7103338915369
0.06,0.09,0.036,2.95,4.24713632858887
0.06,0.09,0.045,2.8,4.01771353205058
0.06,0.09,0.054,2.7,2.72390553726417
0.06,0.09,0.063,2.8,2.87124083965072
0.06,0.09,0.072,2.7,2.44274934569455
0.06,0.09,0.081,2.75,2.40573147354047
0.06,0.09,0.09,2.65,2.35826992781628
0.06,0.1,0,4.5,100
0.06,0.1,0.01,3.25,13.2741773847435
0.06,0.1,0.02,3,6.33568610514868
0.06,0.1,0.03,2.85,4.38892708268203
0.06,0.1,0.04,2.9,3.65620837090369
0.06,0.1,0.05,2.65,3.18185371478799
0.06,0.1,0.06,2.65,2.85744984126923
0.06,0.1,0.07,2.35,2.01970227470144
0.06,0.1,0.08,2.45,1.8507792439555
0.06,0.1,0.09,2.2,1.9717400572219
0.06,0.1,0.1,2.25,1.73576267849153
0.065,0.01,0,13.65,100
0.065,0.01,0.001,13.7,72.5772730473464
0.065,0.01,0.002,12.95,64.6784222071778
0.065,0.01,0.003,13.1,53.5877824118639
0.065,0.01,0.004,13.75,49.1068212196027
0.065,0.01,0.005,13.4,46.9680906029644
0.065,0.01,0.006,13.6,43.115044831387
0.065,0.01,0.007,13.4,40.2390416058358
0.065,0.01,0.008,13.45,39.6468994197254
0.065,0.01,0.009,13.8,40.033426815039
0.065,0.01,0.01,14.1,36.9246790625918
0.065,0.02,0,9.6,100
0.065,0.02,0.002,8.65,54.9194532944396
0.065,0.02,0.004,8.75,45.1958741743073
0.065,0.02,0.006,8.25,35.1345161469527
0.065,0.02,0.008,8.25,27.0691776911316
0.065,0.02,0.01,8.05,25.8450800837443
0.065,0.02,0.012,8.35,24.4995536782617
0.065,0.02,0.014,8.65,26.2242356853595
0.065,0.02,0.016,8.3,22.0555060814277
0.065,0.02,0.018,8.75,20.5903896932609
0.065,0.02,0.02,8.35,20.4302532608443
0.065,0.03,0,7.5,100
0.065,0.03,0.003,6.5,47.208344630923
0.065,0.03,0.006,6.25,26.7671107533265
0.065,0.03,0.009,6.3,24.1628164275726
0.065,0.03,0.012,6.15,20.2532678194451
0.065,0.03,0.015,5.85,15.176690885552
0.065,0.03,0.018,5.95,15.0595346482263
0.065,0.03,0.021,6.2,17.1761353184306
0.065,0.03,0.024,6.3,16.0245760594974
0.065,0.03,0.027,6.15,13.4457545055223
0.065,0.03,0.03,6.55,14.1251152580898
0.065,0.04,0,6.3,100
0.065,0.04,0.004,5.45,35.9758147245235
0.065,0.04,0.008,5.2,23.681053733788
0.065,0.04,0.012,5.1,17.9591073004576
0.065,0.04,0.016,5,13.0988853813576
0.065,0.04,0.02,4.8,11.9504854158093
0.065,0.04,0.024,5.05,11.6317189776946
0.065,0.04,0.028,4.95,10.4522542001596
0.065,0.04,0.032,5,9.80766372139754
0.065,0.04,0.036,4.9,9.12939680556242
0.065,0.04,0.04,4.85,8.39145063054488
0.065,0.05,0,5.6,100
0.065,0.05,0.005,4.75,23.758628164518
0.065,0.05,0.01,4.4,16.3866937305887
0.065,0.05,0.015,4.3,12.9746359515933
0.065,0.05,0.02,4.3,9.71312220214471
0.065,0.05,0.025,4.15,9.12328985292326
0.065,0.05,0.03,4.05,7.5875346454158
0.065,0.05,0.035,4,6.46801164898208
0.065,0.05,0.04,4.25,7.02738185801665
0.065,0.05,0.045,4.05,6.8031336162767
0.065,0.05,0.05,4.35,6.58978391925214
0.065,0.06,0,5.4,100
0.065,0.06,0.006,4.35,22.6291600771758
0.065,0.06,0.012,4.1,14.3990138676712
0.065,0.06,0.018,3.95,10.0714108555293
0.065,0.06,0.024,3.6,8.91526040415208
0.065,0.06,0.03,3.65,7.7950627306625
0.065,0.06,0.036,3.65,5.61215965111045
0.065,0.06,0.042,3.6,6.16119011897008
0.065,0.06,0.048,3.6,5.20610140757442
0.065,0.06,0.054,3.6,4.80228813867466
0.065,0.06,0.06,3.35,4.67120546740379
0.065,0.07,0,5.15,100
0.065,0.07,0.007,4.1,18.3417541258911
0.065,0.07,0.014,3.55,11.5324086166143
0.065,0.07,0.021,3.35,8.29289267404058
0.065,0.07,0.028,3.3,7.11973069332161
0.065,0.07,0.035,3.15,5.91555088389333
0.065,0.07,0.042,3.1,5.56634389033824
0.065,0.07,0.049,3,4.65354208121157
0.065,0.07,0.056,3.15,4.3863557309562
0.065,0.07,0.063,3.2,3.68999473034756
0.065,0.07,0.07,3.05,3.5937421925489
0.065,0.08,0,4.85,100
0.065,0.08,0.008,3.7,17.036482117516
0.065,0.08,0.016,3.2,9.13533469267409
0.065,0.08,0.024,3.25,7.05601649265032
0.065,0.08,0.032,3,5.36679380235788
0.065,0.08,0.04,2.95,4.28459446647701
0.065,0.08,0.048,2.95,4.03980065753812
0.065,0.08,0.056,3,4.09372019119727
0.065,0.08,0.064,3,3.7471812580718
0.065,0.08,0.072,3,3.87212941863007
0.065,0.08,0.08,2.7,2.985665808324
0.065,0.09,0,4.6,100
0.065,0.09,0.009,3.5,14.8256117493991
0.065,0.09,0.018,3.1,8.37959413853364
0.065,0.09,0.027,3,6.5014239597512
0.065,0.09,0.036,3,5.11719462591258
0.065,0.09,0.045,2.95,3.92819517008021
0.065,0.09,0.054,2.8,3.84302334401103
0.065,0.09,0.063,2.75,3.07351484307798
0.065,0.09,0.072,2.6,2.92764606160291
0.065,0.09,0.081,2.7,2.48148287544475
0.065,0.09,0.09,2.55,2.21940576166861
0.065,0.1,0,4.45,100
0.065,0.1,0.01,3.3,13.04200625121
0.065,0.1,0.02,2.95,6.38468457998049
0.065,0.1,0.03,2.8,4.36569636422827
0.065,0.1,0.04,2.6,3.43018820425699
0.065,0.1,0.05,2.5,3.70740087511372
0.065,0.1,0.06,2.55,2.80077749099614
0.065,0.1,0.07,2.4,2.41403683470991
0.065,0.1,0.08,2.45,2.30240905690735
0.065,0.1,0.09,2.2,2.11797446810382
0.065,0.1,0.1,2.2,2.19790004509977
0.07,0.01,0,14,100
0.07,0.01,0.001,13,72.1182706433541
0.07,0.01,0.002,13.8,73.2119685456452
0.07,0.01,0.003,13.5,54.7077899440399
0.07,0.01,0.004,13.7,51.7576449654301
0.07,0.01,0.005,13.15,47.5750583599622
0.07,0.01,0.006,12.6,42.236032554637
0.07,0.01,0.007,13.55,44.4948316778042
0.07,0.01,0.008,14.05,43.1058516788414
0.07,0.01,0.009,13.8,40.058049786186
0.07,0.01,0.01,13.75,39.6968168767392
0.07,0.02,0,9.25,100
0.07,0.02,0.002,8.55,58.3469542451088
0.07,0.02,0.004,8.25,43.4517299227382
0.07,0.02,0.006,8.3,35.4135479305475
0.07,0.02,0.008,8.05,32.3319112576806
0.07,0.02,0.01,8.35,29.4625479880043
0.07,0.02,0.012,8.15,28.6315433554363
0.07,0.02,0.014,8.35,24.6977084054126
0.07,0.02,0.016,8.4,26.0133173883409
0.07,0.02,0.018,8.4,22.9859385585183
0.07,0.02,0.02,8.6,22.6217030387048
0.07,0.03,0,7.3,100
0.07,0.03,0.003,6.55,41.4347521717071
0.07,0.03,0.006,6.35,28.3447843974255
0.07,0.03,0.009,6.2,26.063240613019
0.07,0.03,0.012,6.05,17.9161400433664
0.07,0.03,0.015,5.85,18.3090721983366
0.07,0.03,0.018,6.1,19.0300906757531
0.07,0.03,0.021,6.15,15.82814109315
0.07,0.03,0.024,6,15.5271686205755
0.07,0.03,0.027,6.15,14.0704313356907
0.07,0.03,0.03,6.2,14.4553171778935
0.07,0.04,0,6.65,100
0.07,0.04,0.004,5.35,37.5693359473477
0.07,0.04,0.008,5.15,21.0000728049033
0.07,0.04,0.012,5.1,21.018719478261
0.07,0.04,0.016,4.7,13.1647854017807
0.07,0.04,0.02,4.85,14.2883254819403
0.07,0.04,0.024,4.9,12.0332378184226
0.07,0.04,0.028,5,11.706389725369
0.07,0.04,0.032,4.85,11.0679309977772
0.07,0.04,0.036,4.9,10.524083141296
0.07,0.04,0.04,4.8,10.4387081876286
0.07,0.05,0,5.9,100
0.07,0.05,0.005,4.7,30.4397569533957
0.07,0.05,0.01,4.65,18.7717756484367
0.07,0.05,0.015,4.05,12.1888996373744
0.07,0.05,0.02,4.35,12.1308599577886
0.07,0.05,0.025,4.3,9.69863138493597
0.07,0.05,0.03,4.05,8.74651153175905
0.07,0.05,0.035,4.3,9.46555563620709
0.07,0.05,0.04,4.05,7.27557917058929
0.07,0.05,0.045,4.25,7.97427169979072
0.07,0.05,0.05,4.1,6.87429007595999
0.07,0.06,0,5.2,100
0.07,0.06,0.006,4.1,28.9372637975072
0.07,0.06,0.012,4.15,15.1747326127183
0.07,0.06,0.018,4.1,10.6017067419457
0.07,0.06,0.024,3.7,9.19309349069662
0.07,0.06,0.03,3.6,7.38632302425182
0.07,0.06,0.036,3.5,6.2577619672209
0.07,0.06,0.042,3.6,6.56767424660484
0.07,0.06,0.048,3.45,6.35146970609202
0.07,0.06,0.054,3.45,5.24863251305384
0.07,0.06,0.06,3.5,5.07868952871483
0.07,0.07,0,4.9,100
0.07,0.07,0.007,3.8,20.4810478074917
0.07,0.07,0.014,3.4,10.9328162385403
0.07,0.07,0.021,3.5,10.6405785438997
0.07,0.07,0.028,3.2,7.53020358016213
0.07,0.07,0.035,3.35,6.14282664254749
0.07,0.07,0.042,3.2,5.27729595929772
0.07,0.07,0.049,3.1,4.49885428964634
0.07,0.07,0.056,3.15,4.73671670267456
0.07,0.07,0.063,3,4.12252111472707
0.07,0.07,0.07,3.05,4.08220770010197
0.07,0.08,0,4.7,100
0.07,0.08,0.008,3.6,24.0475327064307
0.07,0.08,0.016,3.15,9.30134331137474
0.07,0.08,0.024,3,7.86811060273514
0.07,0.08,0.032,2.95,5.4992870982463
0.07,0.08,0.04,2.95,5.7267185633518
0.07,0.08,0.048,2.95,4.11162497143332
0.07,0.08,0.056,3,4.25599984215302
0.07,0.08,0.064,2.9,3.45559917407305
0.07,0.08,0.072,2.95,3.54595173725621
0.07,0.08,0.08,2.9,3.15825656140328
0.07,0.09,0,4.5,100
0.07,0.09,0.009,3.55,18.5822337273436
0.07,0.09,0.018,3,9.2130395065112
0.07,0.09,0.027,2.8,6.2833224060762
0.07,0.09,0.036,2.85,5.02219818376767
0.07,0.09,0.045,2.9,4.60004512600421
0.07,0.09,0.054,2.8,3.76709015720139
0.07,0.09,0.063,2.75,3.02670493489323
0.07,0.09,0.072,2.85,3.1233166584133
0.07,0.09,0.081,2.45,2.66973224402498
0.07,0.09,0.09,2.55,2.37854403977575
0.07,0.1,0,4.2,100
0.07,0.1,0.01,3.15,11.4747220747523
0.07,0.1,0.02,2.95,6.82038389270542
0.07,0.1,0.03,2.9,5.63662895349533
0.07,0.1,0.04,2.6,3.78489821733133
0.07,0.1,0.05,2.6,3.12924128542731
0.07,0.1,0.06,2.5,3.11224335048117
0.07,0.1,0.07,2.45,2.55353867086388
0.07,0.1,0.08,2.25,1.99428036184176
0.07,0.1,0.09,2.2,2.32223397248037
0.07,0.1,0.1,2.35,2.01913278742391
0.075,0.01,0,13.65,100
0.075,0.01,0.001,13.25,69.8698706990807
0.075,0.01,0.002,13.05,64.2361126492713
0.075,0.01,0.003,12.5,57.6038377589004
0.075,0.01,0.004,13,54.135537319501
0.075,0.01,0.005,12.95,50.7538493844475
0.075,0.01,0.006,12.95,43.6048600776301
0.075,0.01,0.007,13.35,44.2444855314347
0.075,0.01,0.008,12.95,43.4277574770155
0.075,0.01,0.009,13.15,43.1316297454664
0.075,0.01,0.01,13.65,41.7525877311162
0.075,0.02,0,9.15,100
0.075,0.02,0.002,8.3,57.7253925858935
0.075,0.02,0.004,8.3,45.2863213042598
0.075,0.02,0.006,7.8,39.7430900172374
0.075,0.02,0.008,7.7,31.1588302549675
0.075,0.02,0.01,8.35,30.879932547768
0.075,0.02,0.012,7.9,24.3601360188968
0.075,0.02,0.014,7.9,22.9495996626623
0.075,0.02,0.016,8.25,24.342393996691
0.075,0.02,0.018,8.25,23.5326159567294
0.075,0.02,0.02,8.3,21.8970101288191
0.075,0.03,0,7.6,100
0.075,0.03,0.003,6.6,47.2608729578539
0.075,0.03,0.006,6.05,30.8051479676168
0.075,0.03,0.009,5.95,29.5122613910294
0.075,0.03,0.012,6.15,23.817153912978
0.075,0.03,0.015,6,18.4605928185557
0.075,0.03,0.018,5.85,18.761526680545
0.075,0.03,0.021,6.35,18.6278598217165
0.075,0.03,0.024,5.9,15.8888128173602
0.075,0.03,0.027,6.35,16.1148433246322
0.075,0.03,0.03,6.25,16.2648012733096
0.075,0.04,0,6.4,100
0.075,0.04,0.004,5.4,33.0266075225233
0.075,0.04,0.008,5.2,22.5138447154058
0.075,0.04,0.012,5.1,22.6321093519691
0.075,0.04,0.016,4.75,14.4918079571864
0.075,0.04,0.02,4.65,12.957575319133
0.075,0.04,0.024,4.95,13.3815243047632
0.075,0.04,0.028,4.85,11.2689935410598
0.075,0.04,0.032,5.15,10.9071374015202
0.075,0.04,0.036,4.85,11.9358627886261
0.075,0.04,0.04,4.95,11.1458786271015
0.075,0.05,0,5.7,100
0.075,0.05,0.005,4.55,32.8878768783551
0.075,0.05,0.01,4.55,19.9926057585557
0.075,0.05,0.015,4.15,13.5890905646089
0.075,0.05,0.02,4.2,12.3703219904334
0.075,0.05,0.025,4.25,11.5109325129902
0.075,0.05,0.03,4.05,9.20830986346463
0.075,0.05,0.035,4.1,9.83981617379242
0.075,0.05,0.04,4,7.47928432962544
0.075,0.05,0.045,4.05,8.58123191525078
0.075,0.05,0.05,4.15,7.70470999512893
0.075,0.06,0,5.25,100
0.075,0.06,0.006,4.3,29.4718515181345
0.075,0.06,0.012,4.05,17.927787139354
0.075,0.06,0.018,3.75,9.77782792426827
0.075,0.06,0.024,3.7,10.0079481740187
0.075,0.06,0.03,3.6,8.62618741441526
0.075,0.06,0.036,3.55,7.7331620230427
0.075,0.06,0.042,3.45,5.84733031932547
0.075,0.06,0.048,3.3,5.47166158833986
0.075,0.06,0.054,3.65,6.36400244557841
0.075,0.06,0.06,3.55,5.13022429988177
0.075,0.07,0,4.8,100
0.075,0.07,0.007,3.85,22.0919234305655
0.075,0.07,0.014,3.6,12.4296435774745
0.075,0.07,0.021,3.45,10.065950198623
0.075,0.07,0.028,3.25,7.60200384597838
0.075,0.07,0.035,3.15,6.54184555442722
0.075,0.07,0.042,3.2,5.67377448055414
0.075,0.07,0.049,3.15,6.04444767068804
0.075,0.07,0.056,3.05,4.9226142450355
0.075,0.07,0.063,3.2,4.73829652844295
0.075,0.07,0.07,3.1,4.7131185382329
0.075,0.08,0,4.45,100
0.075,0.08,0.008,3.7,19.4254357106564
0.075,0.08,0.016,3.35,11.761190050266
0.075,0.08,0.024,3,7.30190930521312
0.075,0.08,0.032,3.05,5.82626936838108
0.075,0.08,0.04,2.95,5.31264837414987
0.075,0.08,0.048,3.1,5.07157399820381
0.075,0.08,0.056,2.95,4.06630835420531
0.075,0.08,0.064,3,4.00793889582817
0.075,0.08,0.072,3,3.20618145066878
0.075,0.08,0.08,3,3.79586224591187
0.075,0.09,0,4.35,100
0.075,0.09,0.009,3.55,18.2626421881182
0.075,0.09,0.018,3.05,8.67056680224839
0.075,0.09,0.027,2.95,7.22252734523447
0.075,0.09,0.036,2.95,5.44060578937438
0.075,0.09,0.045,2.9,5.1498207419215
0.075,0.09,0.054,2.9,4.25809077134018
0.075,0.09,0.063,2.8,4.08650482360605
0.075,0.09,0.072,2.75,3.19847917621798
0.075,0.09,0.081,2.6,3.20850436200796
0.075,0.09,0.09,2.6,2.54714763535217
0.075,0.1,0,4.2,100
0.075,0.1,0.01,3.45,20.5373539222654
0.075,0.1,0.02,2.8,7.68520174809378
0.075,0.1,0.03,2.9,5.72236863834934
0.075,0.1,0.04,2.55,4.2881049196481
0.075,0.1,0.05,2.5,3.66757438270679
0.075,0.1,0.06,2.65,3.61676449708343
0.075,0.1,0.07,2.25,3.20968800310622
0.075,0.1,0.08,2.5,2.85563369366754
0.075,0.1,0.09,2.2,2.188458815742
0.075,0.1,0.1,2.15,2.02564163152494
0.08,0.01,0,13.05,100
0.08,0.01,0.001,12.7,81.3131419991509
0.08,0.01,0.002,12.65,66.3547490150202
0.08,0.01,0.003,13.1,56.647327695821
0.08,0.01,0.004,12.7,51.8975259363259
0.08,0.01,0.005,12.7,50.5616760777149
0.08,0.01,0.006,13.4,50.0277782968878
0.08,0.01,0.007,13.05,47.1113759188322
0.08,0.01,0.008,12.8,47.270298143556
0.08,0.01,0.009,13.15,43.102743334645
0.08,0.01,0.01,13.2,42.8145457025512
0.08,0.02,0,8.95,100
0.08,0.02,0.002,7.8,58.3911764486942
0.08,0.02,0.004,7.8,40.2849247026105
0.08,0.02,0.006,8.1,37.1534354207949
0.08,0.02,0.008,8.25,32.9916686803644
0.08,0.02,0.01,7.75,29.1162474080288
0.08,0.02,0.012,8.1,29.7249746165791
0.08,0.02,0.014,8.05,27.503534561517
0.08,0.02,0.016,8,29.0859625416289
0.08,0.02,0.018,8,24.4119110011242
0.08,0.02,0.02,8.25,24.0490037496001
0.08,0.03,0,7.25,100
0.08,0.03,0.003,6.5,46.8674503672246
0.08,0.03,0.006,6.1,35.5097837178383
0.08,0.03,0.009,5.75,27.2397788506876
0.08,0.03,0.012,6,25.353722458525
0.08,0.03,0.015,6.05,18.4317948013292
0.08,0.03,0.018,5.9,18.2653791116218
0.08,0.03,0.021,6.1,18.440462855994
0.08,0.03,0.024,5.9,16.5981813040897
0.08,0.03,0.027,6.15,16.4673505408717
0.08,0.03,0.03,6.25,16.4504349664857
0.08,0.04,0,6.3,100
0.08,0.04,0.004,5.35,44.80589284352
0.08,0.04,0.008,5.3,30.9235417566219
0.08,0.04,0.012,4.8,20.0581663478423
0.08,0.04,0.016,4.8,16.0665092384192
0.08,0.04,0.02,4.85,16.2613438666094
0.08,0.04,0.024,4.65,13.2051208421556
0.08,0.04,0.028,4.9,13.1290817577256
0.08,0.04,0.032,4.7,12.0762219949257
0.08,0.04,0.036,4.6,10.5470641905064
0.08,0.04,0.04,4.75,11.4477331432581
0.08,0.05,0,5.55,100
0.08,0.05,0.005,4.85,32.078193218897
0.08,0.05,0.01,4.5,21.6108657291457
0.08,0.05,0.015,4.1,13.5427184831304
0.08,0.05,0.02,4.15,12.4281106457318
0.08,0.05,0.025,4.15,12.6544019433406
0.08,0.05,0.03,4.1,9.95838545554253
0.08,0.05,0.035,4.1,8.87975861111675
0.08,0.05,0.04,4.15,9.05397113442178
0.08,0.05,0.045,4.1,8.99668110225309
0.08,0.05,0.05,3.95,7.32316894322361
0.08,0.06,0,5.15,100
0.08,0.06,0.006,4.25,30.4826595042682
0.08,0.06,0.012,4,18.3059516821231
0.08,0.06,0.018,3.6,13.0718881817022
0.08,0.06,0.024,3.7,9.726788642007
0.08,0.06,0.03,3.8,8.75972132389998
0.08,0.06,0.036,3.65,7.14573194573346
0.08,0.06,0.042,3.45,6.83440654466183
0.08,0.06,0.048,3.55,6.96238279680899
0.08,0.06,0.054,3.5,6.42594502919631
0.08,0.06,0.06,3.5,5.81012643975038
0.08,0.07,0,4.95,100
0.08,0.07,0.007,3.8,23.3415651674833
0.08,0.07,0.014,3.6,13.4256132386925
0.08,0.07,0.021,3.5,11.1587848895558
0.08,0.07,0.028,3.3,9.11705682465719
0.08,0.07,0.035,3,6.80003540733341
0.08,0.07,0.042,3.15,6.55787206271701
0.08,0.07,0.049,3.05,5.52134123389781
0.08,0.07,0.056,3.05,6.25446745269086
0.08,0.07,0.063,3.15,5.28919232112548
0.08,0.07,0.07,3,5.03180985234048
0.08,0.08,0,4.35,100
0.08,0.08,0.008,3.6,18.9765484750735
0.08,0.08,0.016,3.25,11.6221032476361
0.08,0.08,0.024,3.15,10.3422363766434
0.08,0.08,0.032,3.15,6.84419530824682
0.08,0.08,0.04,3.05,5.75624608257484
0.08,0.08,0.048,2.9,5.04066178109817
0.08,0.08,0.056,3,4.71971585056229
0.08,0.08,0.064,3.05,4.32769033882458
0.08,0.08,0.072,2.8,3.05055274662772
0.08,0.08,0.08,2.85,4.00978335348707
0.08,0.09,0,4.4,100
0.08,0.09,0.009,3.55,17.2180836363575
0.08,0.09,0.018,2.95,9.08345423777547
0.08,0.09,0.027,2.95,6.76022138948435
0.08,0.09,0.036,3,5.88851377920088
0.08,0.09,0.045,2.85,4.83508601799024
0.08,0.09,0.054,2.9,4.47167089042553
0.08,0.09,0.063,2.8,3.61992855767091
0.08,0.09,0.072,2.55,3.31441721887533
0.08,0.09,0.081,2.75,3.04867869419827
0.08,0.09,0.09,2.45,2.40733070182226
0.08,0.1,0,4.15,100
0.08,0.1,0.01,3.1,13.4235827197641
0.08,0.1,0.02,2.95,9.04971512557123
0.08,0.1,0.03,3.05,7.3020577336777
0.08,0.1,0.04,2.85,4.39976689955036
0.08,0.1,0.05,2.65,3.97262808255
0.08,0.1,0.06,2.5,3.88617915828427
0.08,0.1,0.07,2.35,3.1921558184871
0.08,0.1,0.08,2.25,2.87236502761457
0.08,0.1,0.09,2.25,2.63922524684617
0.08,0.1,0.1,2.45,2.65295846055115
0.085,0.01,0,12.65,100
0.085,0.01,0.001,12.35,83.259702467663
0.085,0.01,0.002,11.95,69.6460782123211
0.085,0.01,0.003,12.45,64.7534346164688
0.085,0.01,0.004,12.45,57.18133055511
0.085,0.01,0.005,12.5,54.5001450162958
0.085,0.01,0.006,12.4,51.1839094833631
0.085,0.01,0.007,12.55,47.4929040517702
0.085,0.01,0.008,12.7,46.7160233410677
0.085,0.01,0.009,12.75,47.7021589643211
0.085,0.01,0.01,13.3,43.5840956959079
0.085,0.02,0,9.05,100
0.085,0.02,0.002,8.15,59.4388213054867
0.085,0.02,0.004,8.1,49.2572023600229
0.085,0.02,0.006,8.1,43.1460321214784
0.085,0.02,0.008,7.7,35.9447747880004
0.085,0.02,0.01,7.9,33.143160505097
0.085,0.02,0.012,7.75,27.9891617794454
0.085,0.02,0.014,8,28.9986788964883
0.085,0.02,0.016,7.95,27.4532414141706
0.085,0.02,0.018,8.05,27.0079171514172
0.085,0.02,0.02,8.15,26.0908079582897
0.085,0.03,0,7.25,100
0.085,0.03,0.003,6.3,52.9539913438459
0.085,0.03,0.006,6.35,40.7048785801088
0.085,0.03,0.009,6.05,27.3087118236675
0.085,0.03,0.012,6.15,23.2798095075445
0.085,0.03,0.015,5.9,21.9052397212697
0.085,0.03,0.018,5.6,19.836511807883
0.085,0.03,0.021,6.1,18.9879219537244
0.085,0.03,0.024,5.8,18.207314786324
0.085,0.03,0.027,5.85,17.5136962088063
0.085,0.03,0.03,6.15,17.8174974805566
0.085,0.04,0,6.2,100
0.085,0.04,0.004,5.4,43.7172687356768
0.085,0.04,0.008,5,27.8601398093761
0.085,0.04,0.012,5.05,21.0218780917346
0.085,0.04,0.016,4.7,18.1828861509999
0.085,0.04,0.02,4.85,16.5233554888324
0.085,0.04,0.024,4.65,13.1637555583345
0.085,0.04,0.028,4.95,14.2106603898225
0.085,0.04,0.032,4.5,11.6426878894244
0.085,0.04,0.036,4.7,11.4357458840315
0.085,0.04,0.04,4.85,12.4769407697861
0.085,0.05,0,5.5,100
0.085,0.05,0.005,4.55,29.1748556781551
0.085,0.05,0.01,4.4,19.8011509699453
0.085,0.05,0.015,4.15,16.3207358661931
0.085,0.05,0.02,4.15,15.7474795519779
0.085,0.05,0.025,4.25,12.8501577007751
0.085,0.05,0.03,4.1,12.4360326443464
0.085,0.05,0.035,3.85,10.3042174426445
0.085,0.05,0.04,4,9.13212460974615
0.085,0.05,0.045,4,8.21652422212287
0.085,0.05,0.05,3.95,8.43996810805493
0.085,0.06,0,5,100
0.085,0.06,0.006,4.25,31.5084141889816
0.085,0.06,0.012,3.85,18.537776454882
0.085,0.06,0.018,3.8,14.7978475884437
0.085,0.06,0.024,3.75,12.0977138562379
0.085,0.06,0.03,3.65,10.0214902600759
0.085,0.06,0.036,3.45,8.69252754373368
0.085,0.06,0.042,3.8,8.31757213585654
0.085,0.06,0.048,3.35,7.32071019909492
0.085,0.06,0.054,3.35,6.19648467328279
0.085,0.06,0.06,3.6,6.70540868958695
0.085,0.07,0,4.75,100
0.085,0.07,0.007,3.8,25.53791213063
0.085,0.07,0.014,3.4,12.6664513734386
0.085,0.07,0.021,3.1,9.25094653307828
0.085,0.07,0.028,3.25,9.40119727986567
0.085,0.07,0.035,3.2,8.13844918671572
0.085,0.07,0.042,3,6.27154833582166
0.085,0.07,0.049,3.05,5.69782035830646
0.085,0.07,0.056,3.05,5.00041493463184
0.085,0.07,0.063,3.1,5.06510845759314
0.085,0.07,0.07,3,4.75792613820763
0.085,0.08,0,4.7,100
0.085,0.08,0.008,3.65,19.2072275145556
0.085,0.08,0.016,3.2,12.1121274755806
0.085,0.08,0.024,3.15,8.55804577982964
0.085,0.08,0.032,3.1,7.90284554178634
0.085,0.08,0.04,3.05,6.40229817854898
0.085,0.08,0.048,2.9,5.37343115674268
0.085,0.08,0.056,2.85,5.01548425105549
0.085,0.08,0.064,2.95,4.26610591003218
0.085,0.08,0.072,2.9,3.84561559764949
0.085,0.08,0.08,2.95,4.03363529342251
0.085,0.09,0,4.15,100
0.085,0.09,0.009,3.4,20.572444288774
0.085,0.09,0.018,3.1,10.7695141675239
0.085,0.09,0.027,3,7.38095791312808
0.085,0.09,0.036,3.05,6.68271113216416
0.085,0.09,0.045,2.75,4.46049863883692
0.085,0.09,0.054,2.8,4.44119468847305
0.085,0.09,0.063,2.65,3.74475541027338
0.085,0.09,0.072,2.6,3.2007022208624
0.085,0.09,0.081,2.6,3.38306060545206
0.085,0.09,0.09,2.5,3.28412595593153
0.085,0.1,0,4.3,100
0.085,0.1,0.01,3.15,19.3552963903755
0.085,0.1,0.02,2.95,8.96952968467154
0.085,0.1,0.03,2.95,6.54190042754577
0.085,0.1,0.04,2.9,4.94244865223388
0.085,0.1,0.05,2.55,4.13193055276593
0.085,0.1,0.06,2.55,3.68177581824754
0.085,0.1,0.07,2.35,3.44756514033597
0.085,0.1,0.08,2.25,3.06500590490496
0.085,0.1,0.09,2.2,2.49076067529873
0.085,0.1,0.1,2.25,2.47816131454802
0.09,0.01,0,12.05,100
0.09,0.01,0.001,12.5,83.7193368812956
0.09,0.01,0.002,11.35,63.8708815951942
0.09,0.01,0.003,11.65,62.0142894685293
0.09,0.01,0.004,12.35,53.9950192721553
0.09,0.01,0.005,12.05,56.0521135050749
0.09,0.01,0.006,12.35,51.6962722434656
0.09,0.01,0.007,12.7,52.1191564815791
0.09,0.01,0.008,12.3,46.434464222983
0.09,0.01,0.009,13,46.8387456285511
0.09,0.01,0.01,12.85,47.5665121905258
0.09,0.02,0,8.55,100
0.09,0.02,0.002,8.25,64.5258277259559
0.09,0.02,0.004,7.8,47.8764978414612
0.09,0.02,0.006,7.75,38.3295084892019
0.09,0.02,0.008,8,38.3830257747376
0.09,0.02,0.01,7.65,31.583758198519
0.09,0.02,0.012,7.4,29.9295034988078
0.09,0.02,0.014,7.8,31.8868262792851
0.09,0.02,0.016,8.1,29.4048089536547
0.09,0.02,0.018,8.2,29.2410548970241
0.09,0.02,0.02,7.7,27.5751481646192
0.09,0.03,0,6.95,100
0.09,0.03,0.003,6.2,49.7420845629858
0.09,0.03,0.006,5.85,37.4861236772304
0.09,0.03,0.009,5.7,35.0474777374403
0.09,0.03,0.012,6,26.2317830532527
0.09,0.03,0.015,5.8,24.2945304161375
0.09,0.03,0.018,5.8,21.7408156465766
0.09,0.03,0.021,5.8,21.545315258863
0.09,0.03,0.024,6.05,20.1297884576616
0.09,0.03,0.027,5.85,18.4543462247163
0.09,0.03,0.03,6.2,16.7450758851653
0.09,0.04,0,5.9,100
0.09,0.04,0.004,5.15,41.3837446866283
0.09,0.04,0.008,5.3,26.7006490365049
0.09,0.04,0.012,5.2,23.2055221785958
0.09,0.04,0.016,4.7,18.7113971646991
0.09,0.04,0.02,4.75,15.4697059391782
0.09,0.04,0.024,4.8,15.693025354019
0.09,0.04,0.028,4.8,13.4986605429473
0.09,0.04,0.032,4.9,14.1380362912921
0.09,0.04,0.036,4.8,12.4758346420954
0.09,0.04,0.04,4.95,13.941391262612
0.09,0.05,0,5.5,100
0.09,0.05,0.005,4.6,32.6366471892706
0.09,0.05,0.01,4.2,21.9474256022387
0.09,0.05,0.015,4.1,17.8267068603185
0.09,0.05,0.02,4.05,13.3048115667787
0.09,0.05,0.025,3.95,12.9439420152798
0.09,0.05,0.03,4,11.1372841585401
0.09,0.05,0.035,4,9.43194919884223
0.09,0.05,0.04,3.95,9.64294492430927
0.09,0.05,0.045,4.05,9.79653016108556
0.09,0.05,0.05,4.2,9.25265399923019
0.09,0.06,0,5,100
0.09,0.06,0.006,4.1,32.748577180218
0.09,0.06,0.012,3.9,19.0672679045622
0.09,0.06,0.018,3.7,13.4287288985621
0.09,0.06,0.024,3.55,10.5379321629757
0.09,0.06,0.03,3.65,10.8294369471379
0.09,0.06,0.036,3.6,9.60984884056796
0.09,0.06,0.042,3.45,9.01580083775132
0.09,0.06,0.048,3.45,7.06765999353975
0.09,0.06,0.054,3.55,6.20930695866518
0.09,0.06,0.06,3.45,7.38180326594871
0.09,0.07,0,4.7,100
0.09,0.07,0.007,3.85,26.4222619727118
0.09,0.07,0.014,3.6,14.6696161079393
0.09,0.07,0.021,3.2,11.1929131828145
0.09,0.07,0.028,3.1,9.04588081008978
0.09,0.07,0.035,3.1,7.5059960787915
0.09,0.07,0.042,3.15,7.10256723440564
0.09,0.07,0.049,3,6.19403574518289
0.09,0.07,0.056,3,5.75866982092577
0.09,0.07,0.063,3.05,5.47226992054868
0.09,0.07,0.07,3,5.70620142381667
0.09,0.08,0,4.55,100
0.09,0.08,0.008,3.5,26.8085776412255
0.09,0.08,0.016,3.1,12.3912135130055
0.09,0.08,0.024,3.1,8.92985678895741
0.09,0.08,0.032,3.05,8.35905968454602
0.09,0.08,0.04,3.05,6.44527489120352
0.09,0.08,0.048,2.95,5.32468776963649
0.09,0.08,0.056,3,5.69410842645862
0.09,0.08,0.064,2.9,4.41607442349844
0.09,0.08,0.072,2.85,4.55471794681903
0.09,0.08,0.08,2.95,4.3578355783501
0.09,0.09,0,4.1,100
0.09,0.09,0.009,3.2,19.914292473584
0.09,0.09,0.018,3,9.82288435814073
0.09,0.09,0.027,3,8.76723090918763
0.09,0.09,0.036,2.95,6.4324906115426
0.09,0.09,0.045,2.8,4.93640532028298
0.09,0.09,0.054,2.75,4.08363497561563
0.09,0.09,0.063,2.55,3.85580733588586
0.09,0.09,0.072,2.75,3.36886851786508
0.09,0.09,0.081,2.6,3.59541612439247
0.09,0.09,0.09,2.6,3.09889268077374
0.09,0.1,0,4,100
0.09,0.1,0.01,3.1,18.5369781906522
0.09,0.1,0.02,3,10.921520853424
0.09,0.1,0.03,2.85,6.73346498923457
0.09,0.1,0.04,2.75,5.62244582248635
0.09,0.1,0.05,2.55,4.73277664443922
0.09,0.1,0.06,2.4,4.60419479447982
0.09,0.1,0.07,2.3,3.67617003965755
0.09,0.1,0.08,2.35,3.02207941302721
0.09,0.1,0.09,2.25,2.99332073402056
0.09,0.1,0.1,2.15,2.37564977484812
0.095,0.01,0,11.75,100
0.095,0.01,0.001,12.25,86.693274899588
0.095,0.01,0.002,12,68.2611004198986
0.095,0.01,0.003,11.45,61.3806528101306
0.095,0.01,0.004,12.3,61.9715945100288
0.095,0.01,0.005,11.85,57.9142937005499
0.095,0.01,0.006,11.6,52.226500879286
0.095,0.01,0.007,11.7,52.2749646444367
0.095,0.01,0.008,11.85,50.4193146687956
0.095,0.01,0.009,12.45,47.5567326743044
0.095,0.01,0.01,12.3,47.0999206318926
0.095,0.02,0,8.15,100
0.095,0.02,0.002,8,73.2922359060628
0.095,0.02,0.004,7.9,54.1381066765734
0.095,0.02,0.006,7.9,43.1413734649892
0.095,0.02,0.008,7.65,40.4143727408205
0.095,0.02,0.01,7.4,34.5508528515697
0.095,0.02,0.012,7.75,33.2437060737562
0.095,0.02,0.014,7.95,32.5426337207254
0.095,0.02,0.016,7.9,29.6132833288995
0.095,0.02,0.018,7.9,28.2578172458886
0.095,0.02,0.02,7.9,27.4586318475072
0.095,0.03,0,7,100
0.095,0.03,0.003,6.15,58.3352603379901
0.095,0.03,0.006,5.9,38.2809698400903
0.095,0.03,0.009,5.7,32.1833267821164
0.095,0.03,0.012,6.05,26.13861727976
0.095,0.03,0.015,5.95,24.9676473579699
0.095,0.03,0.018,5.9,22.3977968102133
0.095,0.03,0.021,6,21.014759427042
0.095,0.03,0.024,5.85,19.114958240853
0.095,0.03,0.027,5.9,18.7267152583783
0.095,0.03,0.03,6.05,18.5039112883685
0.095,0.04,0,6.35,100
0.095,0.04,0.004,5.1,40.8654612682502
0.095,0.04,0.008,4.95,29.8110826450806
0.095,0.04,0.012,4.95,23.7966723681657
0.095,0.04,0.016,4.6,20.2901526286214
0.095,0.04,0.02,4.75,17.4820341468546
0.095,0.04,0.024,4.45,16.7029707822129
0.095,0.04,0.028,4.95,15.6635810655266
0.095,0.04,0.032,4.55,13.8634691854217
0.095,0.04,0.036,4.55,13.1119897373382
0.095,0.04,0.04,4.75,12.7735479117823
0.095,0.05,0,5.45,100
0.095,0.05,0.005,4.65,34.5738055792848
0.095,0.05,0.01,4.3,23.744595162775
0.095,0.05,0.015,4.25,16.7780296438393
0.095,0.05,0.02,4.15,14.7581501507173
0.095,0.05,0.025,4.2,13.7265499217693
0.095,0.05,0.03,4,11.8199663717579
0.095,0.05,0.035,4.05,12.379631218873
0.095,0.05,0.04,3.95,10.7940192448214
0.095,0.05,0.045,4,9.84749411813415
0.095,0.05,0.05,4.05,10.4329077855145
0.095,0.06,0,4.85,100
0.095,0.06,0.006,4.1,33.5409946058957
0.095,0.06,0.012,3.85,19.8945775581278
0.095,0.06,0.018,3.65,13.5116335737079
0.095,0.06,0.024,3.6,10.9179160239997
0.095,0.06,0.03,3.7,11.3008794115691
0.095,0.06,0.036,3.5,8.87932784927943
0.095,0.06,0.042,3.6,8.15792408647842
0.095,0.06,0.048,3.3,8.10518635417313
0.095,0.06,0.054,3.35,7.09080686754227
0.095,0.06,0.06,3.6,6.96200730251972
0.095,0.07,0,4.65,100
0.095,0.07,0.007,3.95,29.5764987130337
0.095,0.07,0.014,3.55,15.5391750212454
0.095,0.07,0.021,3.55,13.1445711886423
0.095,0.07,0.028,3.2,10.2498001293954
0.095,0.07,0.035,3.15,8.56417604340847
0.095,0.07,0.042,3.3,7.68911719064368
0.095,0.07,0.049,3.1,6.61579888199775
0.095,0.07,0.056,3.05,5.59307780651308
0.095,0.07,0.063,3.05,5.91120273948943
0.095,0.07,0.07,3.2,5.67761405709536
0.095,0.08,0,4.3,100
0.095,0.08,0.008,3.65,19.2824875144296
0.095,0.08,0.016,3.05,11.8393310206276
0.095,0.08,0.024,3.05,9.15008183504375
0.095,0.08,0.032,3,7.50985573823017
0.095,0.08,0.04,3.05,8.29076045586149
0.095,0.08,0.048,2.9,5.83367125234563
0.095,0.08,0.056,3,6.05560986662678
0.095,0.08,0.064,2.9,4.28315217577172
0.095,0.08,0.072,2.95,4.76484021672524
0.095,0.08,0.08,2.7,4.32851592318318
0.095,0.09,0,4,100
0.095,0.09,0.009,3.25,22.6844727705433
0.095,0.09,0.018,3.05,13.6915871708442
0.095,0.09,0.027,3,8.35672476651949
0.095,0.09,0.036,2.95,7.67646808512889
0.095,0.09,0.045,2.8,5.51060900134141
0.095,0.09,0.054,2.6,4.71319456216039
0.095,0.09,0.063,2.75,4.36046302771397
0.095,0.09,0.072,2.65,4.57829239130205
0.095,0.09,0.081,2.65,3.63637593029874
0.095,0.09,0.09,2.65,3.89100883062736
0.095,0.1,0,4,100
0.095,0.1,0.01,3.15,16.2004847208116
0.095,0.1,0.02,2.9,8.51479183138271
0.095,0.1,0.03,2.7,6.60100190779855
0.095,0.1,0.04,2.7,5.70079989644134
0.095,0.1,0.05,2.65,5.37693030917644
0.095,0.1,0.06,2.35,3.49071362808101
0.095,0.1,0.07,2.35,3.68297104904498
0.095,0.1,0.08,2.25,3.14843610795936
0.095,0.1,0.09,2.45,3.10644863810773
0.095,0.1,0.1,2.25,2.69723794117257
0.1,0.01,0,11.75,100
0.1,0.01,0.001,11.5,85.183653983501
0.1,0.01,0.002,11.55,74.1470408728828
0.1,0.01,0.003,11.6,62.9481458726641
0.1,0.01,0.004,11.75,63.2986502697311
0.1,0.01,0.005,11.85,61.5684441094711
0.1,0.01,0.006,11.95,54.8949220436707
0.1,0.01,0.007,12.15,55.6872338997298
0.1,0.01,0.008,12.1,51.330873279244
0.1,0.01,0.009,12,49.7454162102908
0.1,0.01,0.01,12.15,46.1929757218291
0.1,0.02,0,8.25,100
0.1,0.02,0.002,7.7,70.7292200836224
0.1,0.02,0.004,7.8,48.8460200556623
0.1,0.02,0.006,7.8,47.3347637783478
0.1,0.02,0.008,7.75,38.6624958689851
0.1,0.02,0.01,7.45,37.9219444646264
0.1,0.02,0.012,7.85,32.8904959074489
0.1,0.02,0.014,7.65,33.5780440163022
0.1,0.02,0.016,7.95,32.6040786813656
0.1,0.02,0.018,7.85,29.6351402003592
0.1,0.02,0.02,8.2,28.5155510184432
0.1,0.03,0,6.8,100
0.1,0.03,0.003,6.05,49.368811574277
0.1,0.03,0.006,5.9,35.6459643702579
0.1,0.03,0.009,5.7,33.2771350750432
0.1,0.03,0.012,5.6,24.2389386853651
0.1,0.03,0.015,5.85,25.4297354038941
0.1,0.03,0.018,5.65,22.4535762927401
0.1,0.03,0.021,6,22.8535487740388
0.1,0.03,0.024,6.05,21.3989140789847
0.1,0.03,0.027,5.7,17.4924876683524
0.1,0.03,0.03,5.9,18.1484539600517
0.1,0.04,0,5.8,100
0.1,0.04,0.004,5.1,44.6409935868107
0.1,0.04,0.008,5.1,30.9561461465253
0.1,0.04,0.012,4.9,26.370662362377
0.1,0.04,0.016,4.7,20.0679784054204
0.1,0.04,0.02,4.6,18.2604108111022
0.1,0.04,0.024,4.6,16.114767244071
0.1,0.04,0.028,4.95,16.2879268620911
0.1,0.04,0.032,4.45,15.1476173098445
0.1,0.04,0.036,4.95,14.8508609547352
0.1,0.04,0.04,4.6,13.1325958772104
0.1,0.05,0,5.4,100
0.1,0.05,0.005,4.4,33.6219535911584
0.1,0.05,0.01,4.05,20.5283788353782
0.1,0.05,0.015,4,16.769656967649
0.1,0.05,0.02,4.05,16.4020619777884
0.1,0.05,0.025,4.1,14.5824335040901
0.1,0.05,0.03,4.1,13.4450744045439
0.1,0.05,0.035,3.75,10.2314898375203
0.1,0.05,0.04,4.2,11.0721589322751
0.1,0.05,0.045,4,9.82506785544384
0.1,0.05,0.05,4,8.94549305015338
0.1,0.06,0,4.85,100
0.1,0.06,0.006,3.95,27.4127207577388
0.1,0.06,0.012,4,21.4565262711411
0.1,0.06,0.018,3.85,15.4372519666352
0.1,0.06,0.024,3.6,12.2844785932597
0.1,0.06,0.03,3.45,12.170292749574
0.1,0.06,0.036,3.6,9.9019920959915
0.1,0.06,0.042,3.45,8.41840086276434
0.1,0.06,0.048,3.45,7.86526634064983
0.1,0.06,0.054,3.4,8.26448258732023
0.1,0.06,0.06,3.45,7.11966246748954
0.1,0.07,0,4.7,100
0.1,0.07,0.007,3.95,29.5300024448416
0.1,0.07,0.014,3.55,15.7407553949434
0.1,0.07,0.021,3.3,11.8630060417825
0.1,0.07,0.028,3.1,9.11592049981095
0.1,0.07,0.035,3.25,9.32928770651158
0.1,0.07,0.042,3,7.796151204498
0.1,0.07,0.049,3.15,7.17392296705935
0.1,0.07,0.056,3.05,6.78274598012587
0.1,0.07,0.063,3.15,6.99123920508706
0.1,0.07,0.07,3.05,5.65009919926438
0.1,0.08,0,4.2,100
0.1,0.08,0.008,3.45,26.7424746720379
0.1,0.08,0.016,3.15,12.6989698013113
0.1,0.08,0.024,3.1,10.5825639235903
0.1,0.08,0.032,3,8.94236170120368
0.1,0.08,0.04,2.8,6.22172664430878
0.1,0.08,0.048,2.85,6.47709737017511
0.1,0.08,0.056,2.95,5.18683120333859
0.1,0.08,0.064,2.95,5.35176451794634
0.1,0.08,0.072,2.9,4.52819717614075
0.1,0.08,0.08,2.75,4.76841313574166
0.1,0.09,0,4.05,100
0.1,0.09,0.009,3.25,22.3125654314892
0.1,0.09,0.018,3.15,13.7029615110954
0.1,0.09,0.027,2.95,8.44444347681617
0.1,0.09,0.036,2.75,7.42797247730957
0.1,0.09,0.045,2.9,5.7869223717505
0.1,0.09,0.054,2.65,4.90542216189922
0.1,0.09,0.063,2.75,5.25093290248881
0.1,0.09,0.072,2.65,4.37308143322382
0.1,0.09,0.081,2.75,4.21112082428551
0.1,0.09,0.09,2.65,3.77361026548561
0.1,0.1,0,3.9,100
0.1,0.1,0.01,3.1,19.310816115538
0.1,0.1,0.02,2.95,9.58457202026165
0.1,0.1,0.03,2.65,6.75247131909302
0.1,0.1,0.04,2.75,6.01351761365309
0.1,0.1,0.05,2.55,4.8902655667256
0.1,0.1,0.06,2.5,4.12422696248066
0.1,0.1,0.07,2.3,4.01261617332703
0.1,0.1,0.08,2.2,3.13921175930912
0.1,0.1,0.09,2.2,3.36968921619405
0.1,0.1,0.1,2.2,3.1264993669969
